serial,serial_norm,relation_type,color,cycle_id,points_used,slope_pct_per_day,level_now_pct,days_left_est,last_seen,stockout_date,offset_days,reorder_date,should_order_now,ml_offset_days,stockout_date_base,stockout_date_ml,days_left_ml
$$,$$,contrat_adex,black,0,1790,,0.0,,2025-08-07 20:02:00,,0,,False,54.49876,2025-08-07 20:02:00,2025-10-01 08:00:12.883300783,54
$$,$$,contrat_adex,black,1,275,-2.2398,0.0,0.0,2025-08-09 06:32:00,2025-08-09,0,2025-08-09,True,32.964832,2025-08-09 00:00:00,2025-09-10 23:09:21.511230468,32
$$,$$,contrat_adex,black,2,54,-13.5295,0.0,0.0,2025-08-11 14:33:00,2025-08-11,0,2025-08-11,True,31.29618,2025-08-11 00:00:00,2025-09-11 07:06:30.014648441,30
$$,$$,contrat_adex,black,3,71,-231.6632,0.0,0.0,2025-08-12 06:13:00,2025-08-12,0,2025-08-12,True,38.767544,2025-08-12 00:00:00,2025-09-19 18:25:15.783691405,38
$$,$$,contrat_adex,black,4,28,-20.8528,0.0,0.0,2025-08-12 22:25:00,2025-08-12,0,2025-08-12,True,34.31418,2025-08-12 00:00:00,2025-09-15 07:32:25.019531252,33
$$,$$,contrat_adex,black,5,124,-46.8654,0.0,0.0,2025-08-13 19:57:00,2025-08-13,0,2025-08-13,True,42.57727,2025-08-13 00:00:00,2025-09-24 13:51:16.171875000,41
$$,$$,contrat_adex,black,6,83,-7.5021,0.0,0.0,2025-08-14 13:54:00,2025-08-14,0,2025-08-14,True,43.593506,2025-08-14 00:00:00,2025-09-26 14:14:38.906250000,43
$$,$$,contrat_adex,black,7,16,-4589.934,0.0,0.0,2025-08-14 14:25:00,2025-08-14,0,2025-08-14,True,23.11989,2025-08-14 00:00:00,2025-09-06 02:52:38.514404297,22
$$,$$,contrat_adex,black,8,244,-7.432,0.0,0.0,2025-08-16 14:28:00,2025-08-16,0,2025-08-16,True,36.982918,2025-08-16 00:00:00,2025-09-21 23:35:24.096679684,36
$$,$$,contrat_adex,black,9,31,-16.7466,0.0,0.0,2025-08-16 22:16:00,2025-08-16,0,2025-08-16,True,30.842564,2025-08-16 00:00:00,2025-09-15 20:13:17.497558594,29
$$,$$,contrat_adex,black,10,71,-87.2848,0.0,0.0,2025-08-17 14:24:00,2025-08-17,0,2025-08-17,True,42.90463,2025-08-17 00:00:00,2025-09-28 21:42:39.924316405,42
$$,$$,contrat_adex,black,11,783,-0.5052,0.0,0.0,2025-08-24 14:23:00,2025-08-24,0,2025-08-24,True,39.372875,2025-08-24 00:00:00,2025-10-02 08:56:56.418457027,38
$$,$$,contrat_adex,black,12,691,-0.1563,0.0,0.0,2025-09-05 14:25:00,2025-09-05,0,2025-09-05,True,52.021,2025-09-05 00:00:00,2025-10-27 00:30:14.392089846,51
$$,$$,contrat_adex,black,13,409,-3.1299,0.0,0.0,2025-09-09 13:51:00,2025-09-09,0,2025-09-09,True,43.072887,2025-09-09 00:00:00,2025-10-22 01:44:57.473144531,42
$$,$$,contrat_adex,black,14,173,-1.2436,0.0,0.0,2025-09-10 05:58:00,2025-09-10,0,2025-09-10,True,40.16953,2025-09-10 00:00:00,2025-10-20 04:04:07.302246090,39
$$,$$,contrat_adex,black,15,86,-4.674,0.0,0.0,2025-09-12 17:55:00,2025-09-12,0,2025-09-12,True,40.368793,2025-09-12 00:00:00,2025-10-22 08:51:03.757324216,39
$$,$$,contrat_adex,black,16,50,-18.3115,0.0,0.0,2025-09-15 14:06:00,2025-09-15,0,2025-09-15,True,33.66773,2025-09-15 00:00:00,2025-10-18 16:01:31.735839846,33
$$,$$,contrat_adex,black,17,45,-47.5984,0.0,0.0,2025-09-15 18:36:00,2025-09-15,0,2025-09-15,True,47.45364,2025-09-15 00:00:00,2025-11-01 10:53:14.494628909,46
$$,$$,contrat_adex,black,18,476,-1.1372,0.0,0.0,2025-09-18 11:28:00,2025-09-18,0,2025-09-18,True,49.229588,2025-09-18 00:00:00,2025-11-06 05:30:36.364746090,48
$$,$$,contrat_adex,black,19,96,-3.6924,0.0,0.0,2025-09-19 13:07:00,2025-09-19,0,2025-09-19,True,35.306606,2025-09-19 00:00:00,2025-10-24 07:21:30.783691405,34
$$,$$,contrat_adex,black,20,112,-2.0326,0.0,0.0,2025-09-22 13:37:00,2025-09-22,0,2025-09-22,True,24.788862,2025-09-22 00:00:00,2025-10-16 18:55:57.696533207,24
$$,$$,contrat_adex,black,21,33,-15.2692,0.0,0.0,2025-09-23 06:03:00,2025-09-23,0,2025-09-23,True,17.406124,2025-09-23 00:00:00,2025-10-10 09:44:49.123535153,17
$$,$$,contrat_adex,black,22,10,-43200.0,0.0,0.0,2025-09-23 06:07:00,2025-09-23,0,2025-09-23,True,20.374271,2025-09-23 00:00:00,2025-10-13 08:58:57.048339846,20
$$,$$,contrat_adex,black,23,228,-10.7119,0.0,0.0,2025-09-24 13:02:00,2025-09-24,0,2025-09-24,True,30.208775,2025-09-24 00:00:00,2025-10-24 05:00:38.122558594,29
$$,$$,contrat_adex,black,24,4,,0.0,,2025-09-24 14:17:00,,0,,False,30.233807,2025-09-24 14:17:00,2025-10-24 19:53:40.891113279,30
$$,$$,contrat_adex,black,25,29,-71.7352,0.0,0.0,2025-09-24 22:31:00,2025-09-24,0,2025-09-24,True,17.137007,2025-09-24 00:00:00,2025-10-11 03:17:17.384033207,16
$$,$$,contrat_adex,black,26,45,-18.4452,0.0,0.0,2025-09-25 14:20:00,2025-09-25,0,2025-09-25,True,34.79249,2025-09-25 00:00:00,2025-10-29 19:01:10.971679684,34
$$,$$,contrat_adex,black,27,37,-7.1973,0.0,0.0,2025-09-26 13:50:00,2025-09-26,0,2025-09-26,True,13.321913,2025-09-26 00:00:00,2025-10-09 07:43:33.262939450,12
$$,$$,contrat_adex,black,28,22,-1544.5545,0.0,0.0,2025-09-26 14:37:00,2025-09-26,0,2025-09-26,True,23.786968,2025-09-26 00:00:00,2025-10-19 18:53:14.055175783,23
$$,$$,contrat_adex,black,29,81,-14.1194,0.0,0.0,2025-09-27 13:37:00,2025-09-27,0,2025-09-27,True,31.215927,2025-09-27 00:00:00,2025-10-28 05:10:56.103515621,30
$$,$$,contrat_adex,black,30,26,-46.3588,0.0,0.0,2025-09-28 06:22:00,2025-09-28,0,2025-09-28,True,21.737307,2025-09-28 00:00:00,2025-10-19 17:41:43.289794919,21
$$,$$,contrat_adex,black,31,31,-35.7157,0.0,0.0,2025-09-29 06:12:00,2025-09-29,0,2025-09-29,True,18.340273,2025-09-29 00:00:00,2025-10-17 08:09:59.578857423,18
$$,$$,contrat_adex,black,32,28,-113.6761,0.0,0.0,2025-09-29 13:22:00,2025-09-29,0,2025-09-29,True,18.536318,2025-09-29 00:00:00,2025-10-17 12:52:17.860107423,17
$$,$$,contrat_adex,black,33,56,-17.7905,0.0,0.0,2025-09-29 22:16:00,2025-09-29,0,2025-09-29,True,31.584877,2025-09-29 00:00:00,2025-10-30 14:02:13.374023441,30
$$,$$,contrat_adex,black,34,24,-48.8137,0.0,0.0,2025-09-30 14:41:00,2025-09-30,0,2025-09-30,True,23.633574,2025-09-30 00:00:00,2025-10-23 15:12:20.753173828,23
$$,$$,contrat_adex,black,35,181,-93.9319,0.0,0.0,2025-09-30 22:24:00,2025-09-30,0,2025-09-30,True,30.09197,2025-09-30 00:00:00,2025-10-30 02:12:26.246337891,29
$$,$$,contrat_adex,black,36,98,-48.0038,0.0,0.0,2025-10-01 06:21:00,2025-10-01,0,2025-10-01,True,30.289738,2025-10-01 00:00:00,2025-10-31 06:57:13.337402342,30
$$,$$,contrat_adex,black,37,23,-46.7957,0.0,0.0,2025-10-01 22:12:00,2025-10-01,0,2025-10-01,True,21.829786,2025-10-01 00:00:00,2025-10-22 19:54:53.536376954,20
$$,$$,contrat_adex,black,38,52,-4.5827,0.0,0.0,2025-10-02 13:54:00,2025-10-02,0,2025-10-02,True,28.500591,2025-10-02 00:00:00,2025-10-30 12:00:51.086425783,27
$$,$$,contrat_adex,black,39,10,-43200.0,0.0,0.0,2025-10-02 14:07:00,2025-10-02,0,2025-10-02,True,20.374271,2025-10-02 00:00:00,2025-10-22 08:58:57.048339846,19
$$,$$,contrat_adex,black,40,62,-11.5053,0.0,0.0,2025-10-03 14:10:00,2025-10-03,0,2025-10-03,True,32.095596,2025-10-03 00:00:00,2025-11-04 02:17:39.521484378,31
$$,$$,contrat_adex,black,41,112,-7.0555,0.0,0.0,2025-10-03 22:16:00,2025-10-03,0,2025-10-03,True,26.6339,2025-10-03 00:00:00,2025-10-29 15:12:48.933105468,25
$$,$$,contrat_adex,black,42,15,-51.8032,0.0,0.0,2025-10-04 14:41:00,2025-10-04,0,2025-10-04,True,21.662186,2025-10-04 00:00:00,2025-10-25 15:53:32.841796873,21
$$,$$,contrat_adex,black,43,78,-24.6416,0.0,0.0,2025-10-06 14:12:00,2025-10-06,0,2025-10-06,True,31.215927,2025-10-06 00:00:00,2025-11-06 05:10:56.103515621,30
$$,$$,contrat_adex,black,44,4,,0.0,,2025-10-06 14:19:00,,0,,False,30.233807,2025-10-06 14:19:00,2025-11-05 19:55:40.891113279,30
$$,$$,contrat_adex,black,45,53,-65.6686,0.0,0.0,2025-10-07 13:54:00,2025-10-07,0,2025-10-07,True,26.517473,2025-10-07 00:00:00,2025-11-02 12:25:09.686279297,25
$$,$$,contrat_adex,black,46,28,-35.5951,0.0,0.0,2025-10-07 20:08:00,2025-10-07,0,2025-10-07,True,18.536318,2025-10-07 00:00:00,2025-10-25 12:52:17.860107423,17
$$,$$,contrat_adex,black,47,51,-32.0762,0.0,0.0,2025-10-08 22:37:00,2025-10-08,0,2025-10-08,True,24.992674,2025-10-08 00:00:00,2025-11-01 23:49:27.022705080,24
$$,$$,contrat_adex,black,48,239,-0.4998,0.0,0.0,2025-10-11 14:17:00,2025-10-11,0,2025-10-11,True,37.439888,2025-10-11 00:00:00,2025-11-17 10:33:26.323242189,36
$$,$$,contrat_adex,black,49,74,-22.9919,0.0,0.0,2025-10-13 05:55:00,2025-10-13,0,2025-10-13,True,31.215927,2025-10-13 00:00:00,2025-11-13 05:10:56.103515621,30
$$,$$,contrat_adex,black,50,219,-1.475,0.0,0.0,2025-10-14 14:09:00,2025-10-14,0,2025-10-14,True,15.58914,2025-10-14 00:00:00,2025-10-29 14:08:21.690673828,14
$$,$$,contrat_adex,black,51,144,-4.19,0.0,0.0,2025-10-16 02:37:00,2025-10-16,0,2025-10-16,True,32.75604,2025-10-16 00:00:00,2025-11-17 18:08:41.740722657,32
$$,$$,contrat_adex,black,52,57,-110.5616,0.0,0.0,2025-10-16 14:03:00,2025-10-16,0,2025-10-16,True,31.584877,2025-10-16 00:00:00,2025-11-16 14:02:13.374023441,30
$$,$$,contrat_adex,black,53,85,,0.0,,2025-10-17 06:37:00,,0,,False,41.77854,2025-10-17 06:37:00,2025-11-28 01:18:05.991210936,41
$$,$$,contrat_adex,black,54,67,-2.5339,0.0,0.0,2025-10-18 14:19:00,2025-10-18,0,2025-10-18,True,35.462475,2025-10-18 00:00:00,2025-11-22 11:05:57.824707027,34
$$,$$,contrat_adex,black,55,146,-2.8968,0.0,0.0,2025-10-21 06:10:00,2025-10-21,0,2025-10-21,True,32.083996,2025-10-21 00:00:00,2025-11-22 02:00:57.238769531,31
$$,$$,contrat_adex,black,56,95,-274.5133,0.0,0.0,2025-10-21 14:34:00,2025-10-21,0,2025-10-21,True,30.289738,2025-10-21 00:00:00,2025-11-20 06:57:13.337402342,29
$$,$$,contrat_adex,black,57,35,-14.2225,0.0,0.0,2025-10-22 06:00:00,2025-10-22,0,2025-10-22,True,15.777003,2025-10-22 00:00:00,2025-11-06 18:38:53.084106441,15
$$,$$,contrat_adex,black,58,131,-2.3678,0.0,0.0,2025-10-23 14:25:00,2025-10-23,0,2025-10-23,True,38.254467,2025-10-23 00:00:00,2025-11-30 06:06:25.949707027,37
$$,$$,contrat_adex,black,59,69,-15.0513,0.0,0.0,2025-10-24 13:51:00,2025-10-24,0,2025-10-24,True,31.215927,2025-10-24 00:00:00,2025-11-24 05:10:56.103515621,30
$$,$$,contrat_adex,black,60,2,,0.0,,2025-10-24 13:51:00,,0,,False,35.28167,2025-10-24 13:51:00,2025-11-28 20:36:36.254882810,35
$$,$$,contrat_adex,black,61,2,,0.0,,2025-10-24 13:51:00,,0,,False,35.28167,2025-10-24 13:51:00,2025-11-28 20:36:36.254882810,35
$$,$$,contrat_adex,black,62,26,-2690.4459,0.0,0.0,2025-10-24 13:57:00,2025-10-24,0,2025-10-24,True,21.737307,2025-10-24 00:00:00,2025-11-14 17:41:43.289794919,21
$$,$$,contrat_adex,black,63,11,-57600.0,0.0,0.0,2025-10-24 14:00:00,2025-10-24,0,2025-10-24,True,20.643173,2025-10-24 00:00:00,2025-11-13 15:26:10.166015621,20
$$,$$,contrat_adex,black,64,104,-1.1578,0.0,0.0,2025-10-27 14:03:00,2025-10-27,0,2025-10-27,True,35.19921,2025-10-27 00:00:00,2025-12-01 04:46:51.840820315,34
$$,$$,contrat_adex,black,65,44,-12.8035,0.0,0.0,2025-10-28 14:25:00,2025-10-28,0,2025-10-28,True,33.073174,2025-10-28 00:00:00,2025-11-30 01:45:22.192382810,32
$$,$$,contrat_adex,black,66,17,-57.6217,0.0,0.0,2025-10-28 22:24:00,2025-10-28,0,2025-10-28,True,25.900703,2025-10-28 00:00:00,2025-11-22 21:37:00.776367189,24
$$,$$,contrat_adex,black,67,25,-138.2465,0.0,0.0,2025-10-29 14:04:00,2025-10-29,0,2025-10-29,True,22.92803,2025-10-29 00:00:00,2025-11-20 22:16:21.793212891,22
$$,$$,contrat_adex,black,68,53,-11.4867,0.0,0.0,2025-10-29 22:22:00,2025-10-29,0,2025-10-29,True,26.517473,2025-10-29 00:00:00,2025-11-24 12:25:09.686279297,25
$$,$$,contrat_adex,black,69,71,-12.1082,0.0,0.0,2025-10-30 22:28:00,2025-10-30,0,2025-10-30,True,31.215927,2025-10-30 00:00:00,2025-11-30 05:10:56.103515621,30
$$,$$,contrat_adex,black,70,352,-2.4889,0.0,0.0,2025-11-02 22:21:00,2025-11-02,0,2025-11-02,True,33.79539,2025-11-02 00:00:00,2025-12-05 19:05:21.789550783,32
$$,$$,contrat_adex,black,71,66,-37.5115,0.0,0.0,2025-11-03 06:21:00,2025-11-03,0,2025-11-03,True,31.215927,2025-11-03 00:00:00,2025-12-04 05:10:56.103515621,30
$$,$$,contrat_adex,black,72,61,-72.0708,0.0,0.0,2025-11-03 14:16:00,2025-11-03,0,2025-11-03,True,32.095596,2025-11-03 00:00:00,2025-12-05 02:17:39.521484378,31
$$,$$,contrat_adex,black,73,35,-10.3171,0.0,0.0,2025-11-04 07:19:00,2025-11-04,0,2025-11-04,True,15.777003,2025-11-04 00:00:00,2025-11-19 18:38:53.084106441,15
$$,$$,contrat_adex,black,74,75,-64.4973,0.0,0.0,2025-11-04 14:18:00,2025-11-04,0,2025-11-04,True,31.215927,2025-11-04 00:00:00,2025-12-05 05:10:56.103515621,30
$$,$$,contrat_adex,black,75,45,-26.9299,0.0,0.0,2025-11-04 22:19:00,2025-11-04,0,2025-11-04,True,34.79249,2025-11-04 00:00:00,2025-12-08 19:01:10.971679684,33
$$,$$,contrat_adex,black,76,96,-4.6289,0.0,0.0,2025-11-05 22:10:00,2025-11-05,0,2025-11-05,True,31.31747,2025-11-05 00:00:00,2025-12-06 07:37:09.455566405,30
$$,$$,contrat_adex,black,77,186,-0.2431,0.0,0.0,2025-11-08 06:03:00,2025-11-08,0,2025-11-08,True,34.857018,2025-11-08 00:00:00,2025-12-12 20:34:06.313476558,34
$$,$$,contrat_adex,black,78,34,-279.9796,0.0,0.0,2025-11-08 14:07:00,2025-11-08,0,2025-11-08,True,17.897572,2025-11-08 00:00:00,2025-11-25 21:32:30.183105468,17
$$,$$,contrat_adex,black,79,2,,0.0,,2025-11-08 14:07:00,,0,,False,35.28167,2025-11-08 14:07:00,2025-12-13 20:52:36.254882810,35
$$,$$,contrat_adex,black,80,44,-5.3334,0.0,0.0,2025-11-09 05:41:00,2025-11-09,0,2025-11-09,True,32.879284,2025-11-09 00:00:00,2025-12-11 21:06:10.129394531,32
$$,$$,contrat_adex,black,81,20,-28.7909,0.0,0.0,2025-11-09 22:12:00,2025-11-09,0,2025-11-09,True,26.332115,2025-11-09 00:00:00,2025-12-05 07:58:14.750976558,25
$$,$$,contrat_adex,black,82,70,-19.6513,0.0,0.0,2025-11-10 13:51:00,2025-11-10,0,2025-11-10,True,31.215927,2025-11-10 00:00:00,2025-12-11 05:10:56.103515621,30
$$,$$,contrat_adex,black,83,37,-3.7156,0.0,0.0,2025-11-11 14:17:00,2025-11-11,0,2025-11-11,True,19.451271,2025-11-11 00:00:00,2025-11-30 10:49:49.819335936,18
$$,$$,contrat_adex,black,84,4,,0.0,,2025-11-11 14:22:00,,0,,False,30.233807,2025-11-11 14:22:00,2025-12-11 19:58:40.891113279,30
$$,$$,contrat_adex,black,85,19,-19.8695,0.0,0.0,2025-11-11 22:13:00,2025-11-11,0,2025-11-11,True,25.559917,2025-11-11 00:00:00,2025-12-06 13:26:16.867675783,24
$$,$$,contrat_adex,black,86,227,-1.9782,0.0,0.0,2025-11-13 17:25:00,2025-11-13,0,2025-11-13,True,24.472372,2025-11-13 00:00:00,2025-12-07 11:20:12.945556639,23
$$,$$,contrat_adex,black,87,52,-101.3334,0.0,0.0,2025-11-14 14:19:00,2025-11-14,0,2025-11-14,True,25.914907,2025-11-14 00:00:00,2025-12-09 21:57:28.004150387,25
$$,$$,contrat_adex,black,88,2,,0.0,,2025-11-14 14:19:00,,0,,False,35.28167,2025-11-14 14:19:00,2025-12-19 21:04:36.254882810,35
$$,$$,contrat_adex,black,89,12,-160.393,0.0,0.0,2025-11-14 19:07:00,2025-11-14,0,2025-11-14,True,19.728155,2025-11-14 00:00:00,2025-12-03 17:28:32.603759765,18
$$,$$,contrat_adex,black,90,61,-4.8946,0.0,0.0,2025-11-16 10:24:00,2025-11-16,0,2025-11-16,True,36.501316,2025-11-16 00:00:00,2025-12-22 12:01:53.708496090,36
$$,$$,contrat_adex,black,91,7,,0.0,,2025-11-16 14:43:00,,0,,False,28.580137,2025-11-16 14:43:00,2025-12-15 04:38:23.858642576,28
$$,$$,contrat_adex,black,92,31,-33.8411,0.0,0.0,2025-11-17 11:58:00,2025-11-17,0,2025-11-17,True,18.340273,2025-11-17 00:00:00,2025-12-05 08:09:59.578857423,17
$$,$$,contrat_adex,black,93,23,-4020.4556,0.0,0.0,2025-11-17 14:28:00,2025-11-17,0,2025-11-17,True,21.829786,2025-11-17 00:00:00,2025-12-08 19:54:53.536376954,21
$$,$$,contrat_adex,black,94,45,-7.4134,0.0,0.0,2025-11-19 05:51:00,2025-11-19,0,2025-11-19,True,31.565754,2025-11-19 00:00:00,2025-12-20 13:34:41.140136720,31
$$,$$,contrat_adex,black,95,57,-14.4212,0.0,0.0,2025-11-19 14:15:00,2025-11-19,0,2025-11-19,True,31.584877,2025-11-19 00:00:00,2025-12-20 14:02:13.374023441,30
$$,$$,contrat_adex,black,96,45,-11.6075,0.0,0.0,2025-11-20 06:19:00,2025-11-20,0,2025-11-20,True,34.79249,2025-11-20 00:00:00,2025-12-24 19:01:10.971679684,34
$$,$$,contrat_adex,black,97,3,,0.0,,2025-11-20 06:19:00,,0,,False,28.55208,2025-11-20 06:19:00,2025-12-18 19:33:59.725341792,28
$$,$$,contrat_adex,black,98,9,-212.7142,0.0,0.0,2025-11-20 13:24:00,2025-11-20,0,2025-11-20,True,21.797005,2025-11-20 00:00:00,2025-12-11 19:07:41.206054684,21
$$,$$,contrat_adex,black,99,61,-9.3638,0.0,0.0,2025-11-21 13:05:00,2025-11-21,0,2025-11-21,True,32.095596,2025-11-21 00:00:00,2025-12-23 02:17:39.521484378,31
$$,$$,contrat_adex,black,100,38,-33.04,0.0,0.0,2025-11-22 02:06:00,2025-11-22,0,2025-11-22,True,22.553436,2025-11-22 00:00:00,2025-12-14 13:16:56.894531252,22
$$,$$,contrat_adex,black,101,9,-26784.0,0.0,0.0,2025-11-22 06:03:00,2025-11-22,0,2025-11-22,True,21.797005,2025-11-22 00:00:00,2025-12-13 19:07:41.206054684,21
$$,$$,contrat_adex,black,102,56,-0.6282,0.0,0.0,2025-11-24 13:04:00,2025-11-24,0,2025-11-24,True,29.412683,2025-11-24 00:00:00,2025-12-23 09:54:15.853271486,28
$$,$$,contrat_adex,black,103,81,-3.3646,0.0,0.0,2025-11-25 09:55:00,2025-11-25,0,2025-11-25,True,34.28321,2025-11-25 00:00:00,2025-12-29 06:47:49.409179684,33
$$,$$,contrat_adex,black,104,12,-649.3822,0.0,0.0,2025-11-25 14:09:00,2025-11-25,0,2025-11-25,True,19.728155,2025-11-25 00:00:00,2025-12-14 17:28:32.603759765,19
$$,$$,contrat_adex,black,105,110,-3.5318,0.0,0.0,2025-11-29 14:41:00,2025-11-29,0,2025-11-29,True,31.429886,2025-11-29 00:00:00,2025-12-30 10:19:02.138671873,30
$$,$$,contrat_adex,cyan,0,1390,,0.0,,2024-09-10 14:43:00,,1,,False,52.20848,2024-09-10 14:43:00,2024-11-01 19:43:12.744140621,52
$$,$$,contrat_adex,cyan,1,3,,0.0,,2024-09-11 14:43:00,,1,,False,45.807564,2024-09-11 14:43:00,2024-10-27 10:05:53.510742189,45
$$,$$,contrat_adex,cyan,2,4,,0.0,,2024-09-13 13:41:00,,1,,False,38.359543,2024-09-13 13:41:00,2024-10-21 22:18:44.501953126,38
$$,$$,contrat_adex,cyan,3,31,-11.4327,0.0,0.0,2024-09-14 11:15:00,2024-09-14,1,2024-09-13,True,46.112915,2024-09-14 00:00:00,2024-10-30 02:42:35.859375000,45
$$,$$,contrat_adex,cyan,4,2,,0.0,,2024-09-14 14:43:00,,1,,False,47.164158,2024-09-14 14:43:00,2024-10-31 18:39:23.239746090,47
$$,$$,contrat_adex,cyan,5,6,,0.0,,2024-09-17 14:16:00,,1,,False,40.78915,2024-09-17 14:16:00,2024-10-28 09:12:22.580566405,40
$$,$$,contrat_adex,cyan,6,3,,0.0,,2024-09-17 16:16:00,,1,,False,44.791847,2024-09-17 16:16:00,2024-11-01 11:16:15.600585936,44
$$,$$,contrat_adex,cyan,7,10,-40.0953,0.0,0.0,2024-09-19 12:17:00,2024-09-19,1,2024-09-18,True,34.650284,2024-09-19 00:00:00,2024-10-23 15:36:24.521484378,34
$$,$$,contrat_adex,cyan,8,2,,0.0,,2024-09-19 14:43:00,,1,,False,45.40896,2024-09-19 14:43:00,2024-11-04 00:31:54.008789063,45
$$,$$,contrat_adex,cyan,9,2,,0.0,,2024-09-20 14:43:00,,1,,False,42.83053,2024-09-20 14:43:00,2024-11-02 10:38:57.641601558,42
$$,$$,contrat_adex,cyan,10,2,,0.0,,2024-09-21 14:43:00,,1,,False,45.597324,2024-09-21 14:43:00,2024-11-06 05:03:08.825683594,45
$$,$$,contrat_adex,cyan,11,4,,0.0,,2024-09-23 14:43:00,,1,,False,41.622112,2024-09-23 14:43:00,2024-11-04 05:38:50.500488279,41
$$,$$,contrat_adex,cyan,12,2,,0.0,,2024-09-24 14:43:00,,1,,False,44.821533,2024-09-24 14:43:00,2024-11-08 10:26:00.468750000,44
$$,$$,contrat_adex,cyan,13,2,,0.0,,2024-09-25 14:43:00,,1,,False,48.144238,2024-09-25 14:43:00,2024-11-12 18:10:42.121582027,48
$$,$$,contrat_adex,cyan,14,2,,0.0,,2024-09-26 14:43:00,,1,,False,45.58626,2024-09-26 14:43:00,2024-11-11 04:47:13.015136720,45
$$,$$,contrat_adex,cyan,15,6,,0.0,,2024-09-28 14:27:00,,1,,False,41.562645,2024-09-28 14:27:00,2024-11-09 03:57:12.524414063,41
$$,$$,contrat_adex,cyan,16,2,,0.0,,2024-09-28 14:43:00,,1,,False,44.732277,2024-09-28 14:43:00,2024-11-12 08:17:28.725585936,44
$$,$$,contrat_adex,cyan,17,109,-16.0603,0.0,0.0,2024-10-01 14:27:00,2024-10-01,1,2024-09-30,True,48.521404,2024-10-01 00:00:00,2024-11-18 12:30:49.328613279,47
$$,$$,contrat_adex,cyan,18,139,-44.6736,0.0,0.0,2024-10-02 03:37:00,2024-10-02,1,2024-10-01,True,45.119484,2024-10-02 00:00:00,2024-11-16 02:52:03.413085936,44
$$,$$,contrat_adex,cyan,19,12,-183.3195,0.0,0.0,2024-10-02 17:08:00,2024-10-02,1,2024-10-01,True,40.30698,2024-10-02 00:00:00,2024-11-11 07:22:03.083496090,39
$$,$$,contrat_adex,cyan,20,14,-115.7544,0.0,0.0,2024-10-03 19:43:00,2024-10-03,1,2024-10-02,True,31.995605,2024-10-03 00:00:00,2024-11-03 23:53:40.312500000,31
$$,$$,contrat_adex,cyan,21,2,,0.0,,2024-10-04 14:43:00,,1,,False,44.38893,2024-10-04 14:43:00,2024-11-18 00:03:03.662109378,44
$$,$$,contrat_adex,cyan,22,2,,0.0,,2024-10-05 14:43:00,,1,,False,44.38893,2024-10-05 14:43:00,2024-11-19 00:03:03.662109378,44
$$,$$,contrat_adex,cyan,23,142,-20.367,0.0,0.0,2024-10-08 11:57:00,2024-10-08,1,2024-10-07,True,33.67994,2024-10-08 00:00:00,2024-11-10 16:19:06.752929684,33
$$,$$,contrat_adex,cyan,24,2,,0.0,,2024-10-08 14:43:00,,1,,False,44.38893,2024-10-08 14:43:00,2024-11-22 00:03:03.662109378,44
$$,$$,contrat_adex,cyan,25,413,-100.845,0.0,0.0,2024-10-09 23:17:00,2024-10-09,1,2024-10-08,True,38.899147,2024-10-09 00:00:00,2024-11-16 21:34:46.303710936,37
$$,$$,contrat_adex,cyan,26,2,,0.0,,2024-10-10 14:43:00,,1,,False,44.38893,2024-10-10 14:43:00,2024-11-24 00:03:03.662109378,44
$$,$$,contrat_adex,cyan,27,3,,0.0,,2024-10-11 14:43:00,,1,,False,38.4702,2024-10-11 14:43:00,2024-11-19 02:00:05.244140621,38
$$,$$,contrat_adex,cyan,28,14,-14.3215,0.0,0.0,2024-10-15 14:06:00,2024-10-15,1,2024-10-14,True,32.09012,2024-10-15 00:00:00,2024-11-16 02:09:46.230468747,31
$$,$$,contrat_adex,cyan,29,3,,0.0,,2024-10-15 14:43:00,,1,,False,38.4702,2024-10-15 14:43:00,2024-11-23 02:00:05.244140621,38
$$,$$,contrat_adex,cyan,30,5,,0.0,,2024-10-17 10:13:00,,1,,False,38.856762,2024-10-17 10:13:00,2024-11-25 06:46:44.230957027,38
$$,$$,contrat_adex,cyan,31,17,-67.431,0.0,0.0,2024-10-18 15:40:00,2024-10-18,1,2024-10-17,True,36.93143,2024-10-18 00:00:00,2024-11-23 22:21:15.622558594,36
$$,$$,contrat_adex,cyan,32,2,,0.0,,2024-10-19 14:43:00,,1,,False,44.38893,2024-10-19 14:43:00,2024-12-03 00:03:03.662109378,44
$$,$$,contrat_adex,cyan,33,7,,0.0,,2024-10-22 14:18:00,,1,,False,38.498264,2024-10-22 14:18:00,2024-11-30 02:15:30.036621090,38
$$,$$,contrat_adex,cyan,34,49,-24.9419,0.0,0.0,2024-10-22 17:35:00,2024-10-22,1,2024-10-21,True,33.40171,2024-10-22 00:00:00,2024-11-24 09:38:27.788085936,32
$$,$$,contrat_adex,cyan,35,2,,0.0,,2024-10-23 14:43:00,,1,,False,44.38893,2024-10-23 14:43:00,2024-12-07 00:03:03.662109378,44
$$,$$,contrat_adex,cyan,36,2,,0.0,,2024-10-24 14:43:00,,1,,False,44.38893,2024-10-24 14:43:00,2024-12-08 00:03:03.662109378,44
$$,$$,contrat_adex,cyan,37,23,-47.3503,0.0,0.0,2024-10-26 08:43:00,2024-10-26,1,2024-10-25,True,33.59174,2024-10-26 00:00:00,2024-11-28 14:12:06.306152342,33
$$,$$,contrat_adex,cyan,38,2,,0.0,,2024-10-26 14:43:00,,1,,False,44.38893,2024-10-26 14:43:00,2024-12-10 00:03:03.662109378,44
$$,$$,contrat_adex,cyan,39,4,,0.0,,2024-10-28 14:43:00,,1,,False,40.151936,2024-10-28 14:43:00,2024-12-07 18:21:47.233886720,40
$$,$$,contrat_adex,cyan,40,1615,,0.0,,2025-08-12 06:13:00,,1,,False,50.857033,2025-08-12 06:13:00,2025-10-02 02:47:07.631835936,50
$$,$$,contrat_adex,cyan,41,28,-28.7893,0.0,0.0,2025-08-12 22:25:00,2025-08-12,1,2025-08-11,True,27.840424,2025-08-12 00:00:00,2025-09-08 20:10:12.597656252,26
$$,$$,contrat_adex,cyan,42,10,-132.1006,0.0,0.0,2025-08-13 13:57:00,2025-08-13,1,2025-08-12,True,30.88248,2025-08-13 00:00:00,2025-09-12 21:10:46.325683594,30
$$,$$,contrat_adex,cyan,43,114,-15.1999,0.0,0.0,2025-08-13 19:57:00,2025-08-13,1,2025-08-12,True,33.67994,2025-08-13 00:00:00,2025-09-15 16:19:06.752929684,32
$$,$$,contrat_adex,cyan,44,83,-7.9055,0.0,0.0,2025-08-14 13:54:00,2025-08-14,1,2025-08-13,True,30.934505,2025-08-14 00:00:00,2025-09-13 22:25:41.271972657,30
$$,$$,contrat_adex,cyan,45,16,-5172.0616,0.0,0.0,2025-08-14 14:25:00,2025-08-14,1,2025-08-13,True,32.75372,2025-08-14 00:00:00,2025-09-15 18:05:21.350097657,32
$$,$$,contrat_adex,cyan,46,275,-11.1664,0.0,0.0,2025-08-16 22:16:00,2025-08-16,1,2025-08-15,True,34.8358,2025-08-16 00:00:00,2025-09-19 20:03:33.134765621,33
$$,$$,contrat_adex,cyan,47,71,-7.2473,0.0,0.0,2025-08-17 14:24:00,2025-08-17,1,2025-08-16,True,32.633877,2025-08-17 00:00:00,2025-09-18 15:12:46.955566405,32
$$,$$,contrat_adex,cyan,48,783,-0.5436,0.0,0.0,2025-08-24 14:23:00,2025-08-24,1,2025-08-23,True,33.851696,2025-08-24 00:00:00,2025-09-26 20:26:26.535644531,33
$$,$$,contrat_adex,cyan,49,1409,,0.0,,2025-09-15 14:06:00,,1,,False,50.857033,2025-09-15 14:06:00,2025-11-05 10:40:07.631835936,50
$$,$$,contrat_adex,cyan,50,45,-48.0995,0.0,0.0,2025-09-15 18:36:00,2025-09-15,1,2025-09-14,True,41.75058,2025-09-15 00:00:00,2025-10-26 18:00:50.097656252,40
$$,$$,contrat_adex,cyan,51,102,-16.4245,0.0,0.0,2025-09-16 14:10:00,2025-09-16,1,2025-09-15,True,35.74067,2025-09-16 00:00:00,2025-10-21 17:46:33.823242189,35
$$,$$,contrat_adex,cyan,52,374,-2.7216,0.0,0.0,2025-09-18 11:28:00,2025-09-18,1,2025-09-17,True,33.903675,2025-09-18 00:00:00,2025-10-21 21:41:17.526855468,33
$$,$$,contrat_adex,cyan,53,96,-3.577,0.0,0.0,2025-09-19 13:07:00,2025-09-19,1,2025-09-18,True,35.412754,2025-09-19 00:00:00,2025-10-24 09:54:21.950683594,34
$$,$$,contrat_adex,cyan,54,112,-2.12,0.0,0.0,2025-09-22 13:37:00,2025-09-22,1,2025-09-21,True,26.830667,2025-09-22 00:00:00,2025-10-18 19:56:09.671630856,26
$$,$$,contrat_adex,cyan,55,275,-5.3199,0.0,0.0,2025-09-24 14:17:00,2025-09-24,1,2025-09-23,True,34.01898,2025-09-24 00:00:00,2025-10-28 00:27:19.709472657,33
$$,$$,contrat_adex,cyan,56,74,-8.153,0.0,0.0,2025-09-25 14:20:00,2025-09-25,1,2025-09-24,True,35.81975,2025-09-25 00:00:00,2025-10-30 19:40:26.550292972,35
$$,$$,contrat_adex,cyan,57,37,-7.757,0.0,0.0,2025-09-26 13:50:00,2025-09-26,1,2025-09-25,True,22.33843,2025-09-26 00:00:00,2025-10-18 08:07:20.386962891,21
$$,$$,contrat_adex,cyan,58,103,-7.9395,0.0,0.0,2025-09-27 13:37:00,2025-09-27,1,2025-09-26,True,31.881344,2025-09-27 00:00:00,2025-10-28 21:09:08.107910153,31
$$,$$,contrat_adex,cyan,59,57,-7.8745,0.0,0.0,2025-09-29 06:12:00,2025-09-29,1,2025-09-28,True,32.327816,2025-09-29 00:00:00,2025-10-31 07:52:03.303222657,32
$$,$$,contrat_adex,cyan,60,2,,6.0,,2025-09-29 06:16:00,,1,,False,45.650074,2025-09-29 06:16:00,2025-11-13 21:52:06.394042972,45
$$,$$,contrat_adex,cyan,61,287,-2.0497,0.0,0.0,2025-09-30 22:24:00,2025-09-30,1,2025-09-29,True,25.89623,2025-09-30 00:00:00,2025-10-25 21:30:34.332275387,24
$$,$$,contrat_adex,cyan,62,121,-8.9326,0.0,0.0,2025-10-01 22:12:00,2025-10-01,1,2025-09-30,True,32.859642,2025-10-01 00:00:00,2025-11-02 20:37:53.071289063,31
$$,$$,contrat_adex,cyan,63,124,-1.9653,0.0,0.0,2025-10-03 14:10:00,2025-10-03,1,2025-10-02,True,27.465464,2025-10-03 00:00:00,2025-10-30 11:10:16.058349612,26
$$,$$,contrat_adex,cyan,64,112,-9.8538,0.0,0.0,2025-10-03 22:16:00,2025-10-03,1,2025-10-02,True,33.67994,2025-10-03 00:00:00,2025-11-05 16:19:06.752929684,32
$$,$$,contrat_adex,cyan,65,93,-4.8528,0.0,0.0,2025-10-06 14:12:00,2025-10-06,1,2025-10-05,True,39.44508,2025-10-06 00:00:00,2025-11-14 10:40:54.895019531,38
$$,$$,contrat_adex,cyan,66,57,-7.0544,0.0,0.0,2025-10-07 13:54:00,2025-10-07,1,2025-10-06,True,32.327816,2025-10-07 00:00:00,2025-11-08 07:52:03.303222657,31
$$,$$,contrat_adex,cyan,67,28,-34.8213,0.0,0.0,2025-10-07 20:08:00,2025-10-07,1,2025-10-06,True,27.840424,2025-10-07 00:00:00,2025-11-03 20:10:12.597656252,27
$$,$$,contrat_adex,cyan,68,51,-34.0856,0.0,0.0,2025-10-08 22:37:00,2025-10-08,1,2025-10-07,True,31.950752,2025-10-08 00:00:00,2025-11-08 22:49:04.995117189,31
$$,$$,contrat_adex,cyan,69,178,-2.0767,0.0,0.0,2025-10-10 14:22:00,2025-10-10,1,2025-10-09,True,26.830667,2025-10-10 00:00:00,2025-11-05 19:56:09.671630856,26
$$,$$,contrat_adex,cyan,70,61,-11.8706,0.0,0.0,2025-10-11 14:17:00,2025-10-11,1,2025-10-10,True,36.258232,2025-10-11 00:00:00,2025-11-16 06:11:51.254882810,35
$$,$$,contrat_adex,cyan,71,74,-22.4921,0.0,0.0,2025-10-13 05:55:00,2025-10-13,1,2025-10-12,True,36.493202,2025-10-13 00:00:00,2025-11-18 11:50:12.670898441,36
$$,$$,contrat_adex,cyan,72,219,-1.4429,0.0,0.0,2025-10-14 14:09:00,2025-10-14,1,2025-10-13,True,17.73425,2025-10-14 00:00:00,2025-10-31 17:37:19.123535153,17
$$,$$,contrat_adex,cyan,73,201,-2.2171,0.0,0.0,2025-10-16 14:03:00,2025-10-16,1,2025-10-15,True,31.814407,2025-10-16 00:00:00,2025-11-16 19:32:44.794921873,31
$$,$$,contrat_adex,cyan,74,298,-1.2876,0.0,0.0,2025-10-21 06:10:00,2025-10-21,1,2025-10-20,True,36.210068,2025-10-21 00:00:00,2025-11-26 05:02:29.853515621,35
$$,$$,contrat_adex,cyan,75,95,-250.8992,0.0,0.0,2025-10-21 14:34:00,2025-10-21,1,2025-10-20,True,35.74067,2025-10-21 00:00:00,2025-11-25 17:46:33.823242189,35
$$,$$,contrat_adex,cyan,76,35,-14.6863,0.0,0.0,2025-10-22 06:00:00,2025-10-22,1,2025-10-21,True,25.1948,2025-10-22 00:00:00,2025-11-16 04:40:30.670166017,24
$$,$$,contrat_adex,cyan,77,131,-2.445,0.0,0.0,2025-10-23 14:25:00,2025-10-23,1,2025-10-22,True,39.59511,2025-10-23 00:00:00,2025-12-01 14:16:57.663574216,38
$$,$$,contrat_adex,cyan,78,69,-15.3934,0.0,0.0,2025-10-24 13:51:00,2025-10-24,1,2025-10-23,True,36.493202,2025-10-24 00:00:00,2025-11-29 11:50:12.670898441,35
$$,$$,contrat_adex,cyan,79,2,,0.0,,2025-10-24 13:51:00,,1,,False,44.38893,2025-10-24 13:51:00,2025-12-07 23:11:03.662109378,44
$$,$$,contrat_adex,cyan,80,2,,0.0,,2025-10-24 13:51:00,,1,,False,44.38893,2025-10-24 13:51:00,2025-12-07 23:11:03.662109378,44
$$,$$,contrat_adex,cyan,81,142,-1.8248,1.0,0.0,2025-10-27 14:13:00,2025-10-27,1,2025-10-26,True,33.21996,2025-10-27 00:00:00,2025-11-29 05:16:44.479980468,32
$$,$$,contrat_adex,cyan,82,43,-5.1721,0.0,0.0,2025-10-28 14:25:00,2025-10-28,1,2025-10-27,True,36.294117,2025-10-28 00:00:00,2025-12-03 07:03:31.706542972,35
$$,$$,contrat_adex,cyan,83,42,-8.482,0.0,0.0,2025-10-29 14:04:00,2025-10-29,1,2025-10-28,True,36.707577,2025-10-29 00:00:00,2025-12-04 16:58:54.631347657,36
$$,$$,contrat_adex,cyan,84,53,-11.4867,0.0,0.0,2025-10-29 22:22:00,2025-10-29,1,2025-10-28,True,31.119736,2025-10-29 00:00:00,2025-11-29 02:52:25.166015621,30
$$,$$,contrat_adex,cyan,85,71,-12.1082,0.0,0.0,2025-10-30 22:28:00,2025-10-30,1,2025-10-29,True,36.493202,2025-10-30 00:00:00,2025-12-05 11:50:12.670898441,35
$$,$$,contrat_adex,cyan,86,9,-5649.9363,0.0,0.0,2025-10-31 06:18:00,2025-10-31,1,2025-10-30,True,32.13903,2025-10-31 00:00:00,2025-12-02 03:20:12.231445315,31
$$,$$,contrat_adex,cyan,87,505,-0.4374,0.0,0.0,2025-11-04 07:19:00,2025-11-04,1,2025-11-03,True,28.893648,2025-11-04 00:00:00,2025-12-02 21:26:51.199951171,28
$$,$$,contrat_adex,cyan,88,436,-0.2199,0.0,0.0,2025-11-08 14:07:00,2025-11-08,1,2025-11-07,True,36.260498,2025-11-08 00:00:00,2025-12-14 06:15:07.031250000,35
$$,$$,contrat_adex,cyan,89,2,,0.0,,2025-11-08 14:07:00,,1,,False,44.38893,2025-11-08 14:07:00,2025-12-22 23:27:03.662109378,44
$$,$$,contrat_adex,cyan,90,64,-2.8139,0.0,0.0,2025-11-09 22:12:00,2025-11-09,1,2025-11-08,True,35.55274,2025-11-09 00:00:00,2025-12-14 13:15:56.579589846,34
$$,$$,contrat_adex,cyan,91,70,-70.5475,0.0,0.0,2025-11-10 13:51:00,2025-11-10,1,2025-11-09,True,36.493202,2025-11-10 00:00:00,2025-12-16 11:50:12.670898441,35
$$,$$,contrat_adex,cyan,92,37,-3.8483,0.0,0.0,2025-11-11 14:17:00,2025-11-11,1,2025-11-10,True,31.078754,2025-11-11 00:00:00,2025-12-12 01:53:24.382324216,30
$$,$$,contrat_adex,cyan,93,4,,0.0,,2025-11-11 14:22:00,,1,,False,40.151936,2025-11-11 14:22:00,2025-12-21 18:00:47.233886720,40
$$,$$,contrat_adex,cyan,94,153,-1.4969,0.0,0.0,2025-11-13 14:09:00,2025-11-13,1,2025-11-12,True,16.956047,2025-11-13 00:00:00,2025-11-29 22:56:42.465820315,16
$$,$$,contrat_adex,cyan,95,96,-134.6481,1.0,0.0,2025-11-13 21:55:00,2025-11-13,1,2025-11-12,True,40.542633,2025-11-13 00:00:00,2025-12-23 13:01:23.496093747,39
$$,$$,contrat_adex,cyan,96,49,-44.9478,0.0,0.0,2025-11-14 14:19:00,2025-11-14,1,2025-11-13,True,33.40171,2025-11-14 00:00:00,2025-12-17 09:38:27.788085936,32
$$,$$,contrat_adex,cyan,97,2,,0.0,,2025-11-14 14:19:00,,1,,False,44.38893,2025-11-14 14:19:00,2025-12-28 23:39:03.662109378,44
$$,$$,contrat_adex,cyan,98,80,-7.6151,0.0,0.0,2025-11-16 14:43:00,2025-11-16,1,2025-11-15,True,32.633877,2025-11-16 00:00:00,2025-12-18 15:12:46.955566405,32
$$,$$,contrat_adex,cyan,99,54,-19.4399,0.0,0.0,2025-11-17 14:28:00,2025-11-17,1,2025-11-16,True,36.18714,2025-11-17 00:00:00,2025-12-23 04:29:29.018554684,35
$$,$$,contrat_adex,cyan,100,102,-3.2387,0.0,0.0,2025-11-19 14:15:00,2025-11-19,1,2025-11-18,True,38.344963,2025-11-19 00:00:00,2025-12-27 08:16:44.809570315,37
$$,$$,contrat_adex,cyan,101,57,-6.806,0.0,0.0,2025-11-20 13:24:00,2025-11-20,1,2025-11-19,True,32.327816,2025-11-20 00:00:00,2025-12-22 07:52:03.303222657,31
$$,$$,contrat_adex,cyan,102,62,-6.1713,23.0,2.1,2025-11-21 14:00:00,2025-11-23,1,2025-11-22,True,33.037136,2025-11-23 00:00:00,2025-12-26 00:53:28.557128909,34
$$,$$,contrat_adex,cyan,103,37,-108.4235,0.0,0.0,2025-11-22 02:06:00,2025-11-22,1,2025-11-21,True,25.966438,2025-11-22 00:00:00,2025-12-17 23:11:40.268554684,25
$$,$$,contrat_adex,cyan,104,65,-18.7014,0.0,0.0,2025-11-24 13:04:00,2025-11-24,1,2025-11-23,True,35.735718,2025-11-24 00:00:00,2025-12-29 17:39:26.015625000,35
$$,$$,contrat_adex,cyan,105,81,-3.5515,0.0,0.0,2025-11-25 09:55:00,2025-11-25,1,2025-11-24,True,36.165295,2025-11-25 00:00:00,2025-12-31 03:58:01.457519531,35
$$,$$,contrat_adex,cyan,106,12,-685.4589,0.0,0.0,2025-11-25 14:09:00,2025-11-25,1,2025-11-24,True,30.718792,2025-11-25 00:00:00,2025-12-25 17:15:03.625488279,30
$$,$$,contrat_adex,cyan,107,110,-3.6287,0.0,0.0,2025-11-29 14:41:00,2025-11-29,1,2025-11-28,True,35.412754,2025-11-29 00:00:00,2026-01-03 09:54:21.950683594,34
$$,$$,contrat_adex,magenta,0,1390,,0.0,,2024-09-10 14:43:00,,-8,,False,62.096027,2024-09-10 14:43:00,2024-11-11 17:01:16.765136720,62
$$,$$,contrat_adex,magenta,1,3,,0.0,,2024-09-11 14:43:00,,-8,,False,39.679653,2024-09-11 14:43:00,2024-10-21 07:01:42.033691405,39
$$,$$,contrat_adex,magenta,2,4,,0.0,,2024-09-13 13:41:00,,-8,,False,30.071857,2024-09-13 13:41:00,2024-10-13 15:24:28.483886720,30
$$,$$,contrat_adex,magenta,3,31,-11.5915,0.0,0.0,2024-09-14 11:15:00,2024-09-14,-8,2024-09-22,True,36.80064,2024-09-14 00:00:00,2024-10-20 19:12:55.305175783,36
$$,$$,contrat_adex,magenta,4,2,,0.0,,2024-09-14 14:43:00,,-8,,False,40.672157,2024-09-14 14:43:00,2024-10-25 06:50:54.389648441,40
$$,$$,contrat_adex,magenta,5,6,,0.0,,2024-09-17 14:16:00,,-8,,False,33.436527,2024-09-17 14:16:00,2024-10-21 00:44:35.954589846,33
$$,$$,contrat_adex,magenta,6,3,,0.0,,2024-09-17 16:16:00,,-8,,False,35.835712,2024-09-17 16:16:00,2024-10-23 12:19:25.554199216,35
$$,$$,contrat_adex,magenta,7,10,-40.6522,0.0,0.0,2024-09-19 12:17:00,2024-09-19,-8,2024-09-27,True,28.054905,2024-09-19 00:00:00,2024-10-17 01:19:03.786621090,27
$$,$$,contrat_adex,magenta,8,2,,0.0,,2024-09-19 14:43:00,,-8,,False,39.479862,2024-09-19 14:43:00,2024-10-29 02:14:00.095214846,39
$$,$$,contrat_adex,magenta,9,2,,0.0,,2024-09-20 14:43:00,,-8,,False,37.68651,2024-09-20 14:43:00,2024-10-28 07:11:34.306640621,37
$$,$$,contrat_adex,magenta,10,2,,0.0,,2024-09-21 14:43:00,,-8,,False,40.45331,2024-09-21 14:43:00,2024-11-01 01:35:45.820312504,40
$$,$$,contrat_adex,magenta,11,4,,0.0,,2024-09-23 14:43:00,,-8,,False,32.33269,2024-09-23 14:43:00,2024-10-25 22:42:04.519042972,32
$$,$$,contrat_adex,magenta,12,2,,0.0,,2024-09-24 14:43:00,,-8,,False,35.765526,2024-09-24 14:43:00,2024-10-30 09:05:21.430664063,35
$$,$$,contrat_adex,magenta,13,2,,0.0,,2024-09-25 14:43:00,,-8,,False,40.78154,2024-09-25 14:43:00,2024-11-05 09:28:25.048828126,40
$$,$$,contrat_adex,magenta,14,2,,0.0,,2024-09-26 14:43:00,,-8,,False,38.72776,2024-09-26 14:43:00,2024-11-04 08:10:58.491210936,38
$$,$$,contrat_adex,magenta,15,6,,0.0,,2024-09-28 14:27:00,,-8,,False,35.940296,2024-09-28 14:27:00,2024-11-03 13:01:01.589355468,35
$$,$$,contrat_adex,magenta,16,2,,0.0,,2024-09-28 14:43:00,,-8,,False,40.12311,2024-09-28 14:43:00,2024-11-07 17:40:16.853027342,40
$$,$$,contrat_adex,magenta,17,109,-16.2833,0.0,0.0,2024-10-01 14:27:00,2024-10-01,-8,2024-10-09,True,49.183975,2024-10-01 00:00:00,2024-11-19 04:24:55.458984378,48
$$,$$,contrat_adex,magenta,18,139,-45.2941,0.0,0.0,2024-10-02 03:37:00,2024-10-02,-8,2024-10-10,True,46.08412,2024-10-02 00:00:00,2024-11-17 02:01:08.115234378,45
$$,$$,contrat_adex,magenta,19,12,-185.8656,0.0,0.0,2024-10-02 17:08:00,2024-10-02,-8,2024-10-10,True,31.412067,2024-10-02 00:00:00,2024-11-02 09:53:22.624511720,30
$$,$$,contrat_adex,magenta,20,14,-117.3621,0.0,0.0,2024-10-03 19:43:00,2024-10-03,-8,2024-10-11,True,23.669815,2024-10-03 00:00:00,2024-10-26 16:04:32.021484378,22
$$,$$,contrat_adex,magenta,21,2,,0.0,,2024-10-04 14:43:00,,-8,,False,39.1032,2024-10-04 14:43:00,2024-11-12 17:11:36.394042972,39
$$,$$,contrat_adex,magenta,22,2,,0.0,,2024-10-05 14:43:00,,-8,,False,39.1032,2024-10-05 14:43:00,2024-11-13 17:11:36.394042972,39
$$,$$,contrat_adex,magenta,23,142,-20.6499,0.0,0.0,2024-10-08 11:57:00,2024-10-08,-8,2024-10-16,True,34.536438,2024-10-08 00:00:00,2024-11-11 12:52:28.242187495,34
$$,$$,contrat_adex,magenta,24,2,,0.0,,2024-10-08 14:43:00,,-8,,False,39.1032,2024-10-08 14:43:00,2024-11-16 17:11:36.394042972,39
$$,$$,contrat_adex,magenta,25,413,-100.845,0.0,0.0,2024-10-09 23:17:00,2024-10-09,-8,2024-10-17,True,40.945858,2024-10-09 00:00:00,2024-11-18 22:42:02.131347657,39
$$,$$,contrat_adex,magenta,26,2,,0.0,,2024-10-10 14:43:00,,-8,,False,39.1032,2024-10-10 14:43:00,2024-11-18 17:11:36.394042972,39
$$,$$,contrat_adex,magenta,27,3,,0.0,,2024-10-11 14:43:00,,-8,,False,32.21413,2024-10-11 14:43:00,2024-11-12 19:51:20.866699216,32
$$,$$,contrat_adex,magenta,28,14,-14.3215,0.0,0.0,2024-10-15 14:06:00,2024-10-15,-8,2024-10-23,True,23.764328,2024-10-15 00:00:00,2024-11-07 18:20:37.939453126,23
$$,$$,contrat_adex,magenta,29,3,,0.0,,2024-10-15 14:43:00,,-8,,False,32.21413,2024-10-15 14:43:00,2024-11-16 19:51:20.866699216,32
$$,$$,contrat_adex,magenta,30,5,,0.0,,2024-10-17 10:13:00,,-8,,False,32.600693,2024-10-17 10:13:00,2024-11-19 00:37:59.853515621,32
$$,$$,contrat_adex,magenta,31,17,-67.431,0.0,0.0,2024-10-18 15:40:00,2024-10-18,-8,2024-10-26,True,28.400724,2024-10-18 00:00:00,2024-11-15 09:37:02.589111324,27
$$,$$,contrat_adex,magenta,32,2,,0.0,,2024-10-19 14:43:00,,-8,,False,39.1032,2024-10-19 14:43:00,2024-11-27 17:11:36.394042972,39
$$,$$,contrat_adex,magenta,33,7,,0.0,,2024-10-22 14:18:00,,-8,,False,32.242195,2024-10-22 14:18:00,2024-11-23 20:06:45.659179684,32
$$,$$,contrat_adex,magenta,34,49,-25.2932,0.0,0.0,2024-10-22 17:35:00,2024-10-22,-8,2024-10-30,True,31.191513,2024-10-22 00:00:00,2024-11-22 04:35:46.728515621,30
$$,$$,contrat_adex,magenta,35,2,,0.0,,2024-10-23 14:43:00,,-8,,False,39.1032,2024-10-23 14:43:00,2024-12-01 17:11:36.394042972,39
$$,$$,contrat_adex,magenta,36,2,,0.0,,2024-10-24 14:43:00,,-8,,False,39.1032,2024-10-24 14:43:00,2024-12-02 17:11:36.394042972,39
$$,$$,contrat_adex,magenta,37,23,-48.0172,0.0,0.0,2024-10-26 08:43:00,2024-10-26,-8,2024-11-03,True,24.412535,2024-10-26 00:00:00,2024-11-19 09:54:02.999267576,24
$$,$$,contrat_adex,magenta,38,2,,0.0,,2024-10-26 14:43:00,,-8,,False,39.1032,2024-10-26 14:43:00,2024-12-04 17:11:36.394042972,39
$$,$$,contrat_adex,magenta,39,4,,0.0,,2024-10-28 14:43:00,,-8,,False,33.89586,2024-10-28 14:43:00,2024-12-01 12:13:02.197265621,33
$$,$$,contrat_adex,magenta,40,1615,,0.0,,2025-08-12 06:13:00,,-8,,False,66.675766,2025-08-12 06:13:00,2025-10-17 22:26:06.181640621,66
$$,$$,contrat_adex,magenta,41,28,-28.478,0.0,0.0,2025-08-12 22:25:00,2025-08-12,-8,2025-08-20,True,21.252287,2025-08-12 00:00:00,2025-09-02 06:03:17.589111324,20
$$,$$,contrat_adex,magenta,42,10,-133.4839,0.0,0.0,2025-08-13 13:57:00,2025-08-13,-8,2025-08-21,True,23.03914,2025-08-13 00:00:00,2025-09-05 00:56:21.756591792,22
$$,$$,contrat_adex,magenta,43,114,-14.539,0.0,0.0,2025-08-13 19:57:00,2025-08-13,-8,2025-08-21,True,34.536438,2025-08-13 00:00:00,2025-09-16 12:52:28.242187495,33
$$,$$,contrat_adex,magenta,44,83,-7.9055,0.0,0.0,2025-08-14 13:54:00,2025-08-14,-8,2025-08-22,True,30.502964,2025-08-14 00:00:00,2025-09-13 12:04:16.091308594,29
$$,$$,contrat_adex,magenta,45,16,-5172.5899,0.0,0.0,2025-08-14 14:25:00,2025-08-14,-8,2025-08-22,True,24.38786,2025-08-14 00:00:00,2025-09-07 09:18:31.047363279,23
$$,$$,contrat_adex,magenta,46,275,-10.7234,0.0,0.0,2025-08-16 22:16:00,2025-08-16,-8,2025-08-24,True,35.6923,2025-08-16 00:00:00,2025-09-20 16:36:54.624023441,34
$$,$$,contrat_adex,magenta,47,71,-7.2473,0.0,0.0,2025-08-17 14:24:00,2025-08-17,-8,2025-08-25,True,32.20233,2025-08-17 00:00:00,2025-09-18 04:51:21.445312504,31
$$,$$,contrat_adex,magenta,48,783,-0.5436,0.0,0.0,2025-08-24 14:23:00,2025-08-24,-8,2025-09-01,True,49.06371,2025-08-24 00:00:00,2025-10-12 01:31:44.479980468,48
$$,$$,contrat_adex,magenta,49,1409,,0.0,,2025-09-15 14:06:00,,-8,,False,66.675766,2025-09-15 14:06:00,2025-11-21 06:19:06.181640621,66
$$,$$,contrat_adex,magenta,50,45,-48.0995,0.0,0.0,2025-09-15 18:36:00,2025-09-15,-8,2025-09-23,True,38.257153,2025-09-15 00:00:00,2025-10-23 06:10:17.980957027,37
$$,$$,contrat_adex,magenta,51,102,-16.4245,0.0,0.0,2025-09-16 14:10:00,2025-09-16,-8,2025-09-24,True,34.734203,2025-09-16 00:00:00,2025-10-20 17:37:15.168457027,34
$$,$$,contrat_adex,magenta,52,374,-2.8771,0.0,0.0,2025-09-18 11:28:00,2025-09-18,-8,2025-09-26,True,36.58146,2025-09-18 00:00:00,2025-10-24 13:57:18.061523441,36
$$,$$,contrat_adex,magenta,53,96,-3.5385,0.0,0.0,2025-09-19 13:07:00,2025-09-19,-8,2025-09-27,True,34.65611,2025-09-19 00:00:00,2025-10-23 15:44:47.805175783,34
$$,$$,contrat_adex,magenta,54,112,-2.0981,0.0,0.0,2025-09-22 13:37:00,2025-09-22,-8,2025-09-30,True,30.26029,2025-09-22 00:00:00,2025-10-22 06:14:49.068603513,29
$$,$$,contrat_adex,magenta,55,275,-5.7462,0.0,0.0,2025-09-24 14:17:00,2025-09-24,-8,2025-10-02,True,38.583622,2025-09-24 00:00:00,2025-11-01 14:00:24.938964846,37
$$,$$,contrat_adex,magenta,56,74,-8.1478,0.0,0.0,2025-09-25 14:20:00,2025-09-25,-8,2025-10-03,True,34.986946,2025-09-25 00:00:00,2025-10-29 23:41:12.143554684,34
$$,$$,contrat_adex,magenta,57,37,-7.757,0.0,0.0,2025-09-26 13:50:00,2025-09-26,-8,2025-10-04,True,17.322598,2025-09-26 00:00:00,2025-10-13 07:44:32.424316405,16
$$,$$,contrat_adex,magenta,58,103,-7.5749,0.0,0.0,2025-09-27 13:37:00,2025-09-27,-8,2025-10-05,True,32.29979,2025-09-27 00:00:00,2025-10-29 07:11:41.806640621,31
$$,$$,contrat_adex,magenta,59,57,-7.7897,0.0,0.0,2025-09-29 06:12:00,2025-09-29,-8,2025-10-07,True,33.30689,2025-09-29 00:00:00,2025-11-01 07:21:55.173339846,33
$$,$$,contrat_adex,magenta,60,2,,1.0,,2025-09-29 06:16:00,,-8,,False,42.021767,2025-09-29 06:16:00,2025-11-10 06:47:20.639648441,42
$$,$$,contrat_adex,magenta,61,287,-2.1594,0.0,0.0,2025-09-30 22:24:00,2025-09-30,-8,2025-10-08,True,31.554516,2025-09-30 00:00:00,2025-10-31 13:18:30.168457027,30
$$,$$,contrat_adex,magenta,62,121,-9.0417,0.0,0.0,2025-10-01 22:12:00,2025-10-01,-8,2025-10-09,True,33.71614,2025-10-01 00:00:00,2025-11-03 17:11:14.560546873,32
$$,$$,contrat_adex,magenta,63,124,-2.0023,0.0,0.0,2025-10-03 14:10:00,2025-10-03,-8,2025-10-11,True,28.015356,2025-10-03 00:00:00,2025-10-31 00:22:06.763916017,27
$$,$$,contrat_adex,magenta,64,112,-10.074,0.0,0.0,2025-10-03 22:16:00,2025-10-03,-8,2025-10-11,True,34.536438,2025-10-03 00:00:00,2025-11-06 12:52:28.242187495,33
$$,$$,contrat_adex,magenta,65,93,-4.9591,0.0,0.0,2025-10-06 14:12:00,2025-10-06,-8,2025-10-14,True,38.697453,2025-10-06 00:00:00,2025-11-13 16:44:19.899902342,38
$$,$$,contrat_adex,magenta,66,57,-16.9066,0.0,0.0,2025-10-07 13:54:00,2025-10-07,-8,2025-10-15,True,36.764957,2025-10-07 00:00:00,2025-11-12 18:21:32.321777342,36
$$,$$,contrat_adex,magenta,67,28,-35.5951,0.0,0.0,2025-10-07 20:08:00,2025-10-07,-8,2025-10-15,True,21.252287,2025-10-07 00:00:00,2025-10-28 06:03:17.589111324,20
$$,$$,contrat_adex,magenta,68,51,-38.7703,0.0,0.0,2025-10-08 22:37:00,2025-10-08,-8,2025-10-16,True,30.17275,2025-10-08 00:00:00,2025-11-07 04:08:45.640869144,29
$$,$$,contrat_adex,magenta,69,178,-2.1229,0.0,0.0,2025-10-10 14:22:00,2025-10-10,-8,2025-10-18,True,30.26029,2025-10-10 00:00:00,2025-11-09 06:14:49.068603513,29
$$,$$,contrat_adex,magenta,70,61,-12.427,0.0,0.0,2025-10-11 14:17:00,2025-10-11,-8,2025-10-19,True,37.27567,2025-10-11 00:00:00,2025-11-17 06:36:57.810058594,36
$$,$$,contrat_adex,magenta,71,74,-22.9919,0.0,0.0,2025-10-13 05:55:00,2025-10-13,-8,2025-10-21,True,35.6604,2025-10-13 00:00:00,2025-11-17 15:50:58.593750000,35
$$,$$,contrat_adex,magenta,72,219,-1.475,0.0,0.0,2025-10-14 14:09:00,2025-10-14,-8,2025-10-22,True,18.970676,2025-10-14 00:00:00,2025-11-01 23:17:46.442871090,18
$$,$$,contrat_adex,magenta,73,201,,0.0,,2025-10-16 14:03:00,,-8,,False,54.184113,2025-10-16 14:03:00,2025-12-09 18:28:07.324218747,54
$$,$$,contrat_adex,magenta,74,298,-1.2222,0.0,0.0,2025-10-21 06:10:00,2025-10-21,-8,2025-10-29,True,35.81814,2025-10-21 00:00:00,2025-11-25 19:38:07.133789063,35
$$,$$,contrat_adex,magenta,75,95,-242.044,0.0,0.0,2025-10-21 14:34:00,2025-10-21,-8,2025-10-29,True,34.734203,2025-10-21 00:00:00,2025-11-24 17:37:15.168457027,34
$$,$$,contrat_adex,magenta,76,35,-14.8409,0.0,0.0,2025-10-22 06:00:00,2025-10-22,-8,2025-10-30,True,19.777695,2025-10-22 00:00:00,2025-11-10 18:39:52.822265621,19
$$,$$,contrat_adex,magenta,77,131,-2.4707,0.0,0.0,2025-10-23 14:25:00,2025-10-23,-8,2025-10-31,True,39.253777,2025-10-23 00:00:00,2025-12-01 06:05:26.293945315,38
$$,$$,contrat_adex,magenta,78,69,-15.5644,0.0,0.0,2025-10-24 13:51:00,2025-10-24,-8,2025-11-01,True,35.6604,2025-10-24 00:00:00,2025-11-28 15:50:58.593750000,35
$$,$$,contrat_adex,magenta,79,2,,0.0,,2025-10-24 13:51:00,,-8,,False,39.1032,2025-10-24 13:51:00,2025-12-02 16:19:36.394042972,39
$$,$$,contrat_adex,magenta,80,2,,0.0,,2025-10-24 13:51:00,,-8,,False,39.1032,2025-10-24 13:51:00,2025-12-02 16:19:36.394042972,39
$$,$$,contrat_adex,magenta,81,142,-2.0736,1.0,0.0,2025-10-27 14:13:00,2025-10-27,-8,2025-11-04,True,30.887066,2025-10-27 00:00:00,2025-11-26 21:17:22.492675783,30
$$,$$,contrat_adex,magenta,82,43,-5.2289,0.0,0.0,2025-10-28 14:25:00,2025-10-28,-8,2025-11-05,True,32.64935,2025-10-28 00:00:00,2025-11-29 15:35:03.771972657,32
$$,$$,contrat_adex,magenta,83,42,-8.482,0.0,0.0,2025-10-29 14:04:00,2025-10-29,-8,2025-11-06,True,32.58442,2025-10-29 00:00:00,2025-11-30 14:01:33.823242189,31
$$,$$,contrat_adex,magenta,84,53,-11.4867,0.0,0.0,2025-10-29 22:22:00,2025-10-29,-8,2025-11-06,True,31.697552,2025-10-29 00:00:00,2025-11-29 16:44:28.469238279,30
$$,$$,contrat_adex,magenta,85,71,-12.1082,0.0,0.0,2025-10-30 22:28:00,2025-10-30,-8,2025-11-07,True,35.6604,2025-10-30 00:00:00,2025-12-04 15:50:58.593750000,34
$$,$$,contrat_adex,magenta,86,9,-5649.9363,0.0,0.0,2025-10-31 06:18:00,2025-10-31,-8,2025-11-08,True,24.461872,2025-10-31 00:00:00,2025-11-24 11:05:05.749511720,24
$$,$$,contrat_adex,magenta,87,505,-0.23,0.0,0.0,2025-11-04 07:19:00,2025-11-04,-8,2025-11-12,True,48.899353,2025-11-04 00:00:00,2025-12-22 21:35:04.101562504,48
$$,$$,contrat_adex,magenta,88,173,,1.0,,2025-11-05 14:16:00,,-8,,False,61.16236,2025-11-05 14:16:00,2026-01-05 18:09:48.002929684,61
$$,$$,contrat_adex,magenta,89,215,-2.2691,0.0,0.0,2025-11-08 05:54:00,2025-11-08,-8,2025-11-16,True,34.681393,2025-11-08 00:00:00,2025-12-12 16:21:12.326660153,34
$$,$$,contrat_adex,magenta,90,48,-48.7147,0.0,0.0,2025-11-08 14:07:00,2025-11-08,-8,2025-11-16,True,31.191513,2025-11-08 00:00:00,2025-12-09 04:35:46.728515621,30
$$,$$,contrat_adex,magenta,91,2,,0.0,,2025-11-08 14:07:00,,-8,,False,39.1032,2025-11-08 14:07:00,2025-12-17 16:35:36.394042972,39
$$,$$,contrat_adex,magenta,92,134,,0.0,,2025-11-10 13:51:00,,-8,,False,54.184113,2025-11-10 13:51:00,2026-01-03 18:16:07.324218747,54
$$,$$,contrat_adex,magenta,93,41,,0.0,,2025-11-11 14:22:00,,-8,,False,50.323334,2025-11-11 14:22:00,2025-12-31 22:07:36.035156252,50
$$,$$,contrat_adex,magenta,94,153,-1.4969,0.0,0.0,2025-11-13 14:09:00,2025-11-13,-8,2025-11-21,True,20.348408,2025-11-13 00:00:00,2025-12-03 08:21:42.429199216,19
$$,$$,contrat_adex,magenta,95,145,-11.2775,0.0,0.0,2025-11-14 14:19:00,2025-11-14,-8,2025-11-22,True,34.536438,2025-11-14 00:00:00,2025-12-18 12:52:28.242187495,33
$$,$$,contrat_adex,magenta,96,2,,0.0,,2025-11-14 14:19:00,,-8,,False,39.1032,2025-11-14 14:19:00,2025-12-23 16:47:36.394042972,39
$$,$$,contrat_adex,magenta,97,80,-7.7787,0.0,0.0,2025-11-16 14:43:00,2025-11-16,-8,2025-11-24,True,32.20233,2025-11-16 00:00:00,2025-12-18 04:51:21.445312504,31
$$,$$,contrat_adex,magenta,98,54,-19.8579,0.0,0.0,2025-11-17 14:28:00,2025-11-17,-8,2025-11-25,True,36.764957,2025-11-17 00:00:00,2025-12-23 18:21:32.321777342,36
$$,$$,contrat_adex,magenta,99,102,-3.3636,0.0,0.0,2025-11-19 14:15:00,2025-11-19,-8,2025-11-27,True,37.26811,2025-11-19 00:00:00,2025-12-26 06:26:04.562988279,36
$$,$$,contrat_adex,magenta,100,57,-6.5403,0.0,0.0,2025-11-20 13:24:00,2025-11-20,-8,2025-11-28,True,36.16292,2025-11-20 00:00:00,2025-12-26 03:54:36.452636720,35
$$,$$,contrat_adex,magenta,101,31,-3149.5147,0.0,0.0,2025-11-20 14:41:00,2025-11-20,-8,2025-11-28,True,21.543604,2025-11-20 00:00:00,2025-12-11 13:02:47.376708982,20
$$,$$,contrat_adex,magenta,102,68,-14.2609,0.0,0.0,2025-11-22 02:06:00,2025-11-22,-8,2025-11-30,True,35.6604,2025-11-22 00:00:00,2025-12-27 15:50:58.593750000,35
$$,$$,contrat_adex,magenta,103,59,-27.0315,0.0,0.0,2025-11-23 19:18:00,2025-11-23,-8,2025-12-01,True,37.27567,2025-11-23 00:00:00,2025-12-30 06:36:57.810058594,36
$$,$$,contrat_adex,magenta,104,6,,0.0,,2025-11-24 13:04:00,,-8,,False,32.004616,2025-11-24 13:04:00,2025-12-26 13:10:38.803710936,32
$$,$$,contrat_adex,magenta,105,81,-3.5889,0.0,0.0,2025-11-25 09:55:00,2025-11-25,-8,2025-12-03,True,34.426277,2025-11-25 00:00:00,2025-12-29 10:13:50.346679684,34
$$,$$,contrat_adex,magenta,106,12,-692.6743,0.0,0.0,2025-11-25 14:09:00,2025-11-25,-8,2025-12-03,True,22.393003,2025-11-25 00:00:00,2025-12-17 09:25:55.499267576,21
$$,$$,contrat_adex,magenta,107,6,,0.0,,2025-11-25 14:24:00,,-8,,False,32.004616,2025-11-25 14:24:00,2025-12-27 14:30:38.803710936,32
$$,$$,contrat_adex,magenta,108,62,-2.4862,0.0,0.0,2025-11-27 13:51:00,2025-11-27,-8,2025-12-05,True,41.993008,2025-11-27 00:00:00,2026-01-07 23:49:55.861816405,41
$$,$$,contrat_adex,magenta,109,42,-11.3802,0.0,0.0,2025-11-29 14:41:00,2025-11-29,-8,2025-12-07,True,32.923676,2025-11-29 00:00:00,2025-12-31 22:10:05.566406252,32
$$,$$,contrat_adex,yellow,0,1390,,0.0,,2024-09-10 14:43:00,,-11,,False,54.090893,2024-09-10 14:43:00,2024-11-03 16:53:53.137207027,54
$$,$$,contrat_adex,yellow,1,3,,0.0,,2024-09-11 14:43:00,,-11,,False,34.57272,2024-09-11 14:43:00,2024-10-16 04:27:42.971191405,34
$$,$$,contrat_adex,yellow,2,4,,0.0,,2024-09-13 13:41:00,,-11,,False,26.055067,2024-09-13 13:41:00,2024-10-09 15:00:17.794189450,26
$$,$$,contrat_adex,yellow,3,31,-11.4327,0.0,0.0,2024-09-14 11:15:00,2024-09-14,-11,2024-09-25,False,34.69419,2024-09-14 00:00:00,2024-10-18 16:39:38.100585936,34
$$,$$,contrat_adex,yellow,4,2,,0.0,,2024-09-14 14:43:00,,-11,,False,37.63727,2024-09-14 14:43:00,2024-10-22 06:00:40.290527342,37
$$,$$,contrat_adex,yellow,5,6,,0.0,,2024-09-17 14:16:00,,-11,,False,27.135798,2024-09-17 14:16:00,2024-10-14 17:31:32.904052738,27
$$,$$,contrat_adex,yellow,6,3,,0.0,,2024-09-17 16:16:00,,-11,,False,33.6419,2024-09-17 16:16:00,2024-10-21 07:40:20.083007810,33
$$,$$,contrat_adex,yellow,7,10,-40.0953,0.0,0.0,2024-09-19 12:17:00,2024-09-19,-11,2024-09-30,False,29.423952,2024-09-19 00:00:00,2024-10-18 10:10:29.461669919,28
$$,$$,contrat_adex,yellow,8,2,,0.0,,2024-09-19 14:43:00,,-11,,False,30.81076,2024-09-19 14:43:00,2024-10-20 10:10:29.707031252,30
$$,$$,contrat_adex,yellow,9,2,,0.0,,2024-09-20 14:43:00,,-11,,False,28.403414,2024-09-20 14:43:00,2024-10-19 00:23:54.949951171,28
$$,$$,contrat_adex,yellow,10,2,,0.0,,2024-09-21 14:43:00,,-11,,False,31.113258,2024-09-21 14:43:00,2024-10-22 17:26:05.522460936,31
$$,$$,contrat_adex,yellow,11,4,,0.0,,2024-09-23 14:43:00,,-11,,False,25.161686,2024-09-23 14:43:00,2024-10-18 18:35:49.665527342,25
$$,$$,contrat_adex,yellow,12,2,,0.0,,2024-09-24 14:43:00,,-11,,False,26.425468,2024-09-24 14:43:00,2024-10-21 00:55:40.473632810,26
$$,$$,contrat_adex,yellow,13,2,,0.0,,2024-09-25 14:43:00,,-11,,False,32.06946,2024-09-25 14:43:00,2024-10-27 16:23:01.501464846,32
$$,$$,contrat_adex,yellow,14,2,,0.0,,2024-09-26 14:43:00,,-11,,False,31.271679,2024-09-26 14:43:00,2024-10-27 21:14:13.059082027,31
$$,$$,contrat_adex,yellow,15,6,,0.0,,2024-09-28 14:27:00,,-11,,False,27.396177,2024-09-28 14:27:00,2024-10-25 23:57:29.718017576,27
$$,$$,contrat_adex,yellow,16,2,,0.0,,2024-09-28 14:43:00,,-11,,False,31.775747,2024-09-28 14:43:00,2024-10-30 09:20:04.566650387,31
$$,$$,contrat_adex,yellow,17,109,-16.0603,0.0,0.0,2024-10-01 14:27:00,2024-10-01,-11,2024-10-12,False,47.409325,2024-10-01 00:00:00,2024-11-17 09:49:25.649414063,46
$$,$$,contrat_adex,yellow,18,139,-44.6736,0.0,0.0,2024-10-02 03:37:00,2024-10-02,-11,2024-10-13,False,44.30947,2024-10-02 00:00:00,2024-11-15 07:25:38.305664063,44
$$,$$,contrat_adex,yellow,19,12,-183.3195,0.0,0.0,2024-10-02 17:08:00,2024-10-02,-11,2024-10-13,False,23.664211,2024-10-02 00:00:00,2024-10-25 15:56:27.854003909,22
$$,$$,contrat_adex,yellow,20,14,-115.7544,0.0,0.0,2024-10-03 19:43:00,2024-10-03,-11,2024-10-14,False,17.281004,2024-10-03 00:00:00,2024-10-20 06:44:38.741455080,16
$$,$$,contrat_adex,yellow,21,2,,0.0,,2024-10-04 14:43:00,,-11,,False,29.958092,2024-10-04 14:43:00,2024-11-03 13:42:39.125976558,29
$$,$$,contrat_adex,yellow,22,2,,0.0,,2024-10-05 14:43:00,,-11,,False,29.958092,2024-10-05 14:43:00,2024-11-04 13:42:39.125976558,29
$$,$$,contrat_adex,yellow,23,142,-20.367,0.0,0.0,2024-10-08 11:57:00,2024-10-08,-11,2024-10-19,False,35.47033,2024-10-08 00:00:00,2024-11-12 11:17:16.450195315,34
$$,$$,contrat_adex,yellow,24,2,,0.0,,2024-10-08 14:43:00,,-11,,False,29.958092,2024-10-08 14:43:00,2024-11-07 13:42:39.125976558,29
$$,$$,contrat_adex,yellow,25,413,-100.845,0.0,0.0,2024-10-09 23:17:00,2024-10-09,-11,2024-10-20,False,39.941128,2024-10-09 00:00:00,2024-11-17 22:35:13.439941405,38
$$,$$,contrat_adex,yellow,26,2,,0.0,,2024-10-10 14:43:00,,-11,,False,29.958092,2024-10-10 14:43:00,2024-11-09 13:42:39.125976558,29
$$,$$,contrat_adex,yellow,27,3,,0.0,,2024-10-11 14:43:00,,-11,,False,25.005651,2024-10-11 14:43:00,2024-11-05 14:51:08.287353513,25
$$,$$,contrat_adex,yellow,28,14,-14.3215,0.0,0.0,2024-10-15 14:06:00,2024-10-15,-11,2024-10-26,False,17.375517,2024-10-15 00:00:00,2024-11-01 09:00:44.659423828,16
$$,$$,contrat_adex,yellow,29,3,,0.0,,2024-10-15 14:43:00,,-11,,False,25.005651,2024-10-15 14:43:00,2024-11-09 14:51:08.287353513,25
$$,$$,contrat_adex,yellow,30,5,,0.0,,2024-10-17 10:13:00,,-11,,False,22.53488,2024-10-17 10:13:00,2024-11-08 23:03:13.604736324,22
$$,$$,contrat_adex,yellow,31,17,-67.431,0.0,0.0,2024-10-18 15:40:00,2024-10-18,-11,2024-10-29,False,22.827097,2024-10-18 00:00:00,2024-11-09 19:51:01.175537108,22
$$,$$,contrat_adex,yellow,32,2,,0.0,,2024-10-19 14:43:00,,-11,,False,29.958092,2024-10-19 14:43:00,2024-11-18 13:42:39.125976558,29
$$,$$,contrat_adex,yellow,33,7,,0.0,,2024-10-22 14:18:00,,-11,,False,22.91051,2024-10-22 14:18:00,2024-11-14 12:09:07.987060549,22
$$,$$,contrat_adex,yellow,34,49,-24.9419,0.0,0.0,2024-10-22 17:35:00,2024-10-22,-11,2024-11-02,False,28.67681,2024-10-22 00:00:00,2024-11-19 16:14:36.324462891,27
$$,$$,contrat_adex,yellow,35,2,,0.0,,2024-10-23 14:43:00,,-11,,False,29.958092,2024-10-23 14:43:00,2024-11-22 13:42:39.125976558,29
$$,$$,contrat_adex,yellow,36,2,,0.0,,2024-10-24 14:43:00,,-11,,False,29.958092,2024-10-24 14:43:00,2024-11-23 13:42:39.125976558,29
$$,$$,contrat_adex,yellow,37,23,-47.3503,0.0,0.0,2024-10-26 08:43:00,2024-10-26,-11,2024-11-06,False,19.537724,2024-10-26 00:00:00,2024-11-14 12:54:19.313964846,19
$$,$$,contrat_adex,yellow,38,2,,0.0,,2024-10-26 14:43:00,,-11,,False,29.958092,2024-10-26 14:43:00,2024-11-25 13:42:39.125976558,29
$$,$$,contrat_adex,yellow,39,4,,0.0,,2024-10-28 14:43:00,,-11,,False,26.310389,2024-10-28 14:43:00,2024-11-23 22:09:57.572021486,26
$$,$$,contrat_adex,yellow,40,1533,,0.0,,2025-08-10 14:25:00,,-11,,False,61.12917,2025-08-10 14:25:00,2025-10-10 17:31:00.241699216,61
$$,$$,contrat_adex,yellow,41,112,-3.1032,0.0,0.0,2025-08-12 06:13:00,2025-08-12,-11,2025-08-23,False,40.680523,2025-08-12 00:00:00,2025-09-21 16:19:57.180175783,40
$$,$$,contrat_adex,yellow,42,28,-29.1005,0.0,0.0,2025-08-12 22:25:00,2025-08-12,-11,2025-08-23,False,19.636408,2025-08-12 00:00:00,2025-08-31 15:16:25.638427738,18
$$,$$,contrat_adex,yellow,43,10,-134.1755,0.0,0.0,2025-08-13 13:57:00,2025-08-13,-11,2025-08-24,False,18.157314,2025-08-13 00:00:00,2025-08-31 03:46:31.955566405,17
$$,$$,contrat_adex,yellow,44,114,-15.1999,0.0,0.0,2025-08-13 19:57:00,2025-08-13,-11,2025-08-24,False,35.47033,2025-08-13 00:00:00,2025-09-17 11:17:16.450195315,34
$$,$$,contrat_adex,yellow,45,83,-7.9055,0.0,0.0,2025-08-14 13:54:00,2025-08-14,-11,2025-08-25,False,31.436853,2025-08-14 00:00:00,2025-09-14 10:29:04.134521486,30
$$,$$,contrat_adex,yellow,46,16,-5246.5444,0.0,0.0,2025-08-14 14:25:00,2025-08-14,-11,2025-08-25,False,18.490614,2025-08-14 00:00:00,2025-09-01 11:46:29.044189450,17
$$,$$,contrat_adex,yellow,47,275,-11.1707,0.0,0.0,2025-08-16 22:16:00,2025-08-16,-11,2025-08-27,False,36.626183,2025-08-16 00:00:00,2025-09-21 15:01:42.172851558,35
$$,$$,contrat_adex,yellow,48,71,-6.2422,0.0,0.0,2025-08-17 14:24:00,2025-08-17,-11,2025-08-28,False,37.501614,2025-08-17 00:00:00,2025-09-23 12:02:19.416503909,36
$$,$$,contrat_adex,yellow,49,783,-0.5436,0.0,0.0,2025-08-24 14:23:00,2025-08-24,-11,2025-09-04,False,46.91743,2025-08-24 00:00:00,2025-10-09 22:01:06.027832027,46
$$,$$,contrat_adex,yellow,50,1409,,0.0,,2025-09-15 14:06:00,,-11,,False,61.12917,2025-09-15 14:06:00,2025-11-15 17:12:00.241699216,61
$$,$$,contrat_adex,yellow,51,45,-48.0995,0.0,0.0,2025-09-15 18:36:00,2025-09-15,-11,2025-09-26,False,34.041115,2025-09-15 00:00:00,2025-10-19 00:59:12.319335936,33
$$,$$,contrat_adex,yellow,52,102,-16.4245,0.0,0.0,2025-09-16 14:10:00,2025-09-16,-11,2025-09-27,False,35.668095,2025-09-16 00:00:00,2025-10-21 16:02:03.376464846,35
$$,$$,contrat_adex,yellow,53,374,-2.916,0.0,0.0,2025-09-18 11:28:00,2025-09-18,-11,2025-09-29,False,39.157066,2025-09-18 00:00:00,2025-10-27 03:46:10.532226558,38
$$,$$,contrat_adex,yellow,54,96,-3.5385,0.0,0.0,2025-09-19 13:07:00,2025-09-19,-11,2025-09-30,False,34.3325,2025-09-19 00:00:00,2025-10-23 07:58:48.039550783,33
$$,$$,contrat_adex,yellow,55,112,-2.1419,0.0,0.0,2025-09-22 13:37:00,2025-09-22,-11,2025-10-03,False,33.166363,2025-09-22 00:00:00,2025-10-25 03:59:33.742675783,32
$$,$$,contrat_adex,yellow,56,275,-5.9694,0.0,0.0,2025-09-24 14:17:00,2025-09-24,-11,2025-10-05,False,39.219585,2025-09-24 00:00:00,2025-11-02 05:16:12.180175783,38
$$,$$,contrat_adex,yellow,57,74,-8.2318,0.0,0.0,2025-09-25 14:20:00,2025-09-25,-11,2025-10-06,False,35.920837,2025-09-25 00:00:00,2025-10-30 22:06:00.351562504,35
$$,$$,contrat_adex,yellow,58,37,-7.837,0.0,0.0,2025-09-26 13:50:00,2025-09-26,-11,2025-10-07,False,18.383732,2025-09-26 00:00:00,2025-10-14 09:12:34.431152342,17
$$,$$,contrat_adex,yellow,59,103,-7.6522,0.0,0.0,2025-09-27 13:37:00,2025-09-27,-11,2025-10-08,False,33.23368,2025-09-27 00:00:00,2025-10-30 05:36:30.014648441,32
$$,$$,contrat_adex,yellow,60,57,-7.8733,0.0,0.0,2025-09-29 06:12:00,2025-09-29,-11,2025-10-10,False,28.622986,2025-09-29 00:00:00,2025-10-27 14:57:05.976562504,28
$$,$$,contrat_adex,yellow,61,2,,1.0,,2025-09-29 06:16:00,,-11,,False,30.629978,2025-09-29 06:16:00,2025-10-29 21:23:10.114746090,30
$$,$$,contrat_adex,yellow,62,287,-2.1882,0.0,0.0,2025-09-30 22:24:00,2025-09-30,-11,2025-10-11,False,38.575478,2025-09-30 00:00:00,2025-11-07 13:48:41.264648441,37
$$,$$,contrat_adex,yellow,63,121,-9.1351,0.0,0.0,2025-10-01 22:12:00,2025-10-01,-11,2025-10-12,False,34.650024,2025-10-01 00:00:00,2025-11-04 15:36:02.109375000,33
$$,$$,contrat_adex,yellow,64,124,-1.9569,0.0,0.0,2025-10-03 14:10:00,2025-10-03,-11,2025-10-14,False,31.353018,2025-10-03 00:00:00,2025-11-03 08:28:20.738525387,30
$$,$$,contrat_adex,yellow,65,112,-9.8538,0.0,0.0,2025-10-03 22:16:00,2025-10-03,-11,2025-10-14,False,35.47033,2025-10-03 00:00:00,2025-11-07 11:17:16.450195315,34
$$,$$,contrat_adex,yellow,66,93,-4.8528,0.0,0.0,2025-10-06 14:12:00,2025-10-06,-11,2025-10-17,False,40.508015,2025-10-06 00:00:00,2025-11-15 12:11:32.468261720,39
$$,$$,contrat_adex,yellow,67,57,-15.378,0.0,0.0,2025-10-07 13:54:00,2025-10-07,-11,2025-10-18,False,32.081055,2025-10-07 00:00:00,2025-11-08 01:56:43.125000000,31
$$,$$,contrat_adex,yellow,68,28,-34.8213,0.0,0.0,2025-10-07 20:08:00,2025-10-07,-11,2025-10-18,False,19.636408,2025-10-07 00:00:00,2025-10-26 15:16:25.638427738,18
$$,$$,contrat_adex,yellow,69,51,-30.2923,0.0,0.0,2025-10-08 22:37:00,2025-10-08,-11,2025-10-19,False,24.37032,2025-10-08 00:00:00,2025-11-01 08:53:15.593261720,23
$$,$$,contrat_adex,yellow,70,178,-2.0767,0.0,0.0,2025-10-10 14:22:00,2025-10-10,-11,2025-10-21,False,32.27803,2025-10-10 00:00:00,2025-11-11 06:40:21.826171873,31
$$,$$,contrat_adex,yellow,71,61,-12.798,0.0,0.0,2025-10-11 14:17:00,2025-10-11,-11,2025-10-22,False,33.42351,2025-10-11 00:00:00,2025-11-13 10:09:51.394042972,32
$$,$$,contrat_adex,yellow,72,74,-22.4921,0.0,0.0,2025-10-13 05:55:00,2025-10-13,-11,2025-10-24,False,36.59429,2025-10-13 00:00:00,2025-11-18 14:15:46.801757810,36
$$,$$,contrat_adex,yellow,73,219,-1.4429,0.0,0.0,2025-10-14 14:09:00,2025-10-14,-11,2025-10-25,False,19.559158,2025-10-14 00:00:00,2025-11-02 13:25:11.279296873,18
$$,$$,contrat_adex,yellow,74,201,-0.2583,0.0,0.0,2025-10-16 14:03:00,2025-10-16,-11,2025-10-27,False,42.311916,2025-10-16 00:00:00,2025-11-27 07:29:09.572753909,41
$$,$$,contrat_adex,yellow,75,298,-1.1895,0.0,0.0,2025-10-21 06:10:00,2025-10-21,-11,2025-11-01,False,33.857685,2025-10-21 00:00:00,2025-11-23 20:35:03.991699216,33
$$,$$,contrat_adex,yellow,76,95,-256.8027,0.0,0.0,2025-10-21 14:34:00,2025-10-21,-11,2025-11-01,False,35.668095,2025-10-21 00:00:00,2025-11-25 16:02:03.376464846,35
$$,$$,contrat_adex,yellow,77,35,-14.8409,0.0,0.0,2025-10-22 06:00:00,2025-10-22,-11,2025-11-02,False,20.838818,2025-10-22 00:00:00,2025-11-11 20:07:53.840332027,20
$$,$$,contrat_adex,yellow,78,131,-2.4707,0.0,0.0,2025-10-23 14:25:00,2025-10-23,-11,2025-11-03,False,41.829376,2025-10-23 00:00:00,2025-12-03 19:54:18.105468747,41
$$,$$,contrat_adex,yellow,79,69,-15.9065,0.0,0.0,2025-10-24 13:51:00,2025-10-24,-11,2025-11-04,False,36.59429,2025-10-24 00:00:00,2025-11-29 14:15:46.801757810,36
$$,$$,contrat_adex,yellow,80,2,,0.0,,2025-10-24 13:51:00,,-11,,False,29.958092,2025-10-24 13:51:00,2025-11-23 12:50:39.125976558,29
$$,$$,contrat_adex,yellow,81,2,,0.0,,2025-10-24 13:51:00,,-11,,False,29.958092,2025-10-24 13:51:00,2025-11-23 12:50:39.125976558,29
$$,$$,contrat_adex,yellow,82,26,-2843.3121,0.0,0.0,2025-10-24 13:57:00,2025-10-24,-11,2025-11-04,False,20.82216,2025-10-24 00:00:00,2025-11-13 19:43:54.686279297,20
$$,$$,contrat_adex,yellow,83,116,-2.7314,1.0,0.0,2025-10-27 14:13:00,2025-10-27,-11,2025-11-07,False,38.71732,2025-10-27 00:00:00,2025-12-04 17:12:56.403808594,38
$$,$$,contrat_adex,yellow,84,43,-5.3426,0.0,0.0,2025-10-28 14:25:00,2025-10-28,-11,2025-11-08,False,31.12195,2025-10-28 00:00:00,2025-11-28 02:55:36.492919919,30
$$,$$,contrat_adex,yellow,85,42,-8.482,0.0,0.0,2025-10-29 14:04:00,2025-10-29,-11,2025-11-09,False,30.086506,2025-10-29 00:00:00,2025-11-28 02:04:34.108886720,29
$$,$$,contrat_adex,yellow,86,53,-11.4867,0.0,0.0,2025-10-29 22:22:00,2025-10-29,-11,2025-11-09,False,26.194468,2025-10-29 00:00:00,2025-11-24 04:40:01.995849612,25
$$,$$,contrat_adex,yellow,87,71,-12.1082,0.0,0.0,2025-10-30 22:28:00,2025-10-30,-11,2025-11-10,False,36.59429,2025-10-30 00:00:00,2025-12-05 14:15:46.801757810,35
$$,$$,contrat_adex,yellow,88,9,-5649.9363,0.0,0.0,2025-10-31 06:18:00,2025-10-31,-11,2025-11-11,False,19.58005,2025-10-31 00:00:00,2025-11-19 13:55:16.278076171,19
$$,$$,contrat_adex,yellow,89,505,-0.3445,0.0,0.0,2025-11-04 07:19:00,2025-11-04,-11,2025-11-15,False,48.067734,2025-11-04 00:00:00,2025-12-22 01:37:32.197265621,47
$$,$$,contrat_adex,yellow,90,173,-1.5995,1.0,0.0,2025-11-05 14:16:00,2025-11-05,-11,2025-11-16,False,28.72679,2025-11-05 00:00:00,2025-12-03 17:26:34.610595702,28
$$,$$,contrat_adex,yellow,91,215,-2.3799,0.0,0.0,2025-11-08 05:54:00,2025-11-08,-11,2025-11-19,False,43.39232,2025-11-08 00:00:00,2025-12-21 09:24:56.337890621,43
$$,$$,contrat_adex,yellow,92,48,-51.0723,0.0,0.0,2025-11-08 14:07:00,2025-11-08,-11,2025-11-19,False,28.67681,2025-11-08 00:00:00,2025-12-06 16:14:36.324462891,28
$$,$$,contrat_adex,yellow,93,2,,0.0,,2025-11-08 14:07:00,,-11,,False,29.958092,2025-11-08 14:07:00,2025-12-08 13:06:39.125976558,29
$$,$$,contrat_adex,yellow,94,134,,0.0,,2025-11-10 13:51:00,,-11,,False,47.828125,2025-11-10 13:51:00,2025-12-28 09:43:30.000000000,47
$$,$$,contrat_adex,yellow,95,41,,0.0,,2025-11-11 14:22:00,,-11,,False,43.215473,2025-11-11 14:22:00,2025-12-24 19:32:16.882324216,43
$$,$$,contrat_adex,yellow,96,153,-1.5308,0.0,0.0,2025-11-13 14:09:00,2025-11-13,-11,2025-11-24,False,18.096893,2025-11-13 00:00:00,2025-12-01 02:19:31.582031252,17
$$,$$,contrat_adex,yellow,97,145,-10.8654,0.0,0.0,2025-11-14 14:19:00,2025-11-14,-11,2025-11-25,False,35.47033,2025-11-14 00:00:00,2025-12-19 11:17:16.450195315,34
$$,$$,contrat_adex,yellow,98,2,,0.0,,2025-11-14 14:19:00,,-11,,False,29.958092,2025-11-14 14:19:00,2025-12-14 13:18:39.125976558,29
$$,$$,contrat_adex,yellow,99,80,-7.8605,0.0,0.0,2025-11-16 14:43:00,2025-11-16,-11,2025-11-27,False,33.136223,2025-11-16 00:00:00,2025-12-19 03:16:09.653320315,32
$$,$$,contrat_adex,yellow,100,54,-20.0669,0.0,0.0,2025-11-17 14:28:00,2025-11-17,-11,2025-11-28,False,32.081055,2025-11-17 00:00:00,2025-12-19 01:56:43.125000000,31
$$,$$,contrat_adex,yellow,101,102,-3.4468,0.0,0.0,2025-11-19 14:15:00,2025-11-19,-11,2025-11-30,False,37.271877,2025-11-19 00:00:00,2025-12-26 06:31:30.197753909,36
$$,$$,contrat_adex,yellow,102,57,-6.588,0.0,0.0,2025-11-20 13:24:00,2025-11-20,-11,2025-12-01,False,31.181105,2025-11-20 00:00:00,2025-12-21 04:20:47.442626954,30
$$,$$,contrat_adex,yellow,103,31,-3255.6781,0.0,0.0,2025-11-20 14:41:00,2025-11-20,-11,2025-12-01,False,21.76654,2025-11-20 00:00:00,2025-12-11 18:23:49.101562504,21
$$,$$,contrat_adex,yellow,104,68,-17.7042,0.0,0.0,2025-11-22 02:06:00,2025-11-22,-11,2025-12-03,False,36.59429,2025-11-22 00:00:00,2025-12-28 14:15:46.801757810,36
$$,$$,contrat_adex,yellow,105,59,-28.1249,0.0,0.0,2025-11-23 19:18:00,2025-11-23,-11,2025-12-04,False,33.42351,2025-11-23 00:00:00,2025-12-26 10:09:51.394042972,32
$$,$$,contrat_adex,yellow,106,6,,0.0,,2025-11-24 13:04:00,,-11,,False,22.672922,2025-11-24 13:04:00,2025-12-17 05:13:00.472412108,22
$$,$$,contrat_adex,yellow,107,81,-3.5889,0.0,0.0,2025-11-25 09:55:00,2025-11-25,-11,2025-12-06,False,34.83297,2025-11-25 00:00:00,2025-12-29 19:59:28.579101558,34
$$,$$,contrat_adex,yellow,108,12,-692.6743,0.0,0.0,2025-11-25 14:09:00,2025-11-25,-11,2025-12-06,False,18.066988,2025-11-25 00:00:00,2025-12-13 01:36:27.762451171,17
$$,$$,contrat_adex,yellow,109,6,,0.0,,2025-11-25 14:24:00,,-11,,False,22.672922,2025-11-25 14:24:00,2025-12-18 06:33:00.472412108,22
$$,$$,contrat_adex,yellow,110,62,-2.7587,0.0,0.0,2025-11-27 13:51:00,2025-11-27,-11,2025-12-08,False,37.76163,2025-11-27 00:00:00,2026-01-03 18:16:44.919433594,37
$$,$$,contrat_adex,yellow,111,42,-12.6274,0.0,0.0,2025-11-29 14:41:00,2025-11-29,-11,2025-12-10,False,30.425764,2025-11-29 00:00:00,2025-12-29 10:13:06.016845702,29
$115552$,$115552$,contrat_adex,black,0,4,,0.0,,2024-10-20 14:36:00,,0,,False,27.21828,2024-10-20 14:36:00,2024-11-16 19:50:19.460449216,27
$115552$,$115552$,contrat_adex,black,1,31,-0.9867,1.0,0.0,2025-03-17 14:36:00,2025-03-17,0,2025-03-17,True,43.85542,2025-03-17 00:00:00,2025-04-29 20:31:48.215332027,43
$115552$,$115552$,contrat_adex,black,2,29,-1.0199,10.0,0.0,2025-05-26 14:36:00,2025-05-26,0,2025-05-26,True,37.845387,2025-05-26 00:00:00,2025-07-02 20:17:21.394042972,37
$115552$,$115552$,contrat_adex,black,3,31,-0.8851,11.0,1.1,2025-11-20 14:33:00,2025-11-21,0,2025-11-21,True,35.71808,2025-11-21 00:00:00,2025-12-26 17:14:01.992187495,36
$115552$,$115552$,contrat_adex,black,4,9,-1.7,85.0,44.1,2025-11-29 14:33:00,2026-01-12,0,2026-01-12,False,-6.2136645,2026-01-12 00:00:00,2026-01-05 18:52:19.384460447,37
$115552$,$115552$,contrat_adex,cyan,0,4,,0.0,,2024-10-20 14:36:00,,1,,False,33.430233,2024-10-20 14:36:00,2024-11-23 00:55:32.131347657,33
$115552$,$115552$,contrat_adex,cyan,1,31,-0.2605,68.0,222.7,2025-11-29 14:33:00,2026-07-10,1,2026-07-09,False,37.819912,2026-07-10 00:00:00,2026-08-16 19:40:40.393066405,260
$115552$,$115552$,contrat_adex,magenta,0,4,,0.0,,2024-10-20 14:36:00,,-8,,False,26.92395,2024-10-20 14:36:00,2024-11-16 12:46:29.296875000,26
$115552$,$115552$,contrat_adex,magenta,1,31,-0.4181,57.0,112.4,2025-11-29 14:33:00,2026-03-22,-8,2026-03-30,False,26.06953,2026-03-22 00:00:00,2026-04-17 01:40:07.434082027,138
$115552$,$115552$,contrat_adex,yellow,0,4,,0.0,,2024-10-20 14:36:00,,-11,,False,20.84951,2024-10-20 14:36:00,2024-11-10 10:59:17.680664063,20
$115552$,$115552$,contrat_adex,yellow,1,31,-0.4129,60.0,121.1,2025-11-29 14:33:00,2026-03-30,-11,2026-04-10,False,23.564083,2026-03-30 00:00:00,2026-04-22 13:32:16.779785153,143
$115554$,$115554$,contrat_adex,black,0,25,,0.0,,2024-10-23 14:48:00,,0,,False,29.915512,2024-10-23 14:48:00,2024-11-22 12:46:20.244140621,29
$115554$,$115554$,contrat_adex,black,1,31,-0.8665,1.0,0.0,2025-11-29 14:37:00,2025-11-29,0,2025-11-29,True,45.43862,2025-11-29 00:00:00,2026-01-13 10:31:36.899414063,44
$115554$,$115554$,contrat_adex,cyan,0,25,,0.0,,2024-10-23 14:48:00,,1,,False,37.101833,2024-10-23 14:48:00,2024-11-29 17:14:38.400878909,37
$115554$,$115554$,contrat_adex,cyan,1,30,-0.8676,1.0,0.0,2025-07-01 16:37:00,2025-07-01,1,2025-06-30,True,52.85437,2025-07-01 00:00:00,2025-08-22 20:30:17.578125000,52
$115554$,$115554$,contrat_adex,cyan,2,31,-0.5198,50.0,77.0,2025-11-29 14:37:00,2026-02-14,1,2026-02-13,False,42.483524,2026-02-14 00:00:00,2026-03-28 11:36:16.501464846,118
$115554$,$115554$,contrat_adex,magenta,0,25,,0.0,,2024-10-23 14:48:00,,-8,,False,29.431042,2024-10-23 14:48:00,2024-11-22 01:08:42.004394531,29
$115554$,$115554$,contrat_adex,magenta,1,29,-1.0743,1.0,0.0,2025-05-16 14:37:00,2025-05-16,-8,2025-05-24,True,36.337955,2025-05-16 00:00:00,2025-06-21 08:06:39.353027342,35
$115554$,$115554$,contrat_adex,magenta,2,31,-0.6113,30.0,32.7,2025-11-29 14:37:00,2026-01-01,-8,2026-01-09,False,21.395327,2026-01-01 00:00:00,2026-01-22 09:29:16.219482423,53
$115554$,$115554$,contrat_adex,yellow,0,25,,0.0,,2024-10-23 14:48:00,,-11,,False,23.168653,2024-10-23 14:48:00,2024-11-15 18:50:51.661376954,23
$115554$,$115554$,contrat_adex,yellow,1,30,-1.2337,6.0,0.0,2025-04-13 14:37:00,2025-04-13,-11,2025-04-24,False,33.439884,2025-04-13 00:00:00,2025-05-16 10:33:25.993652342,32
$115554$,$115554$,contrat_adex,yellow,2,31,-0.5173,22.0,23.2,2025-11-25 14:37:00,2025-12-18,-11,2025-12-29,False,8.378309,2025-12-18 00:00:00,2025-12-26 09:04:45.919189450,30
$115554$,$115554$,contrat_adex,yellow,3,4,,97.0,,2025-11-29 14:37:00,,-11,,False,28.033312,2025-11-29 14:37:00,2025-12-27 15:24:58.143310549,28
$210239$,$210239$,contrat_adex,black,0,1,,0.0,,2025-07-07 14:38:00,,0,,False,36.503853,2025-07-07 14:38:00,2025-08-13 02:43:32.885742189,36
$210239$,$210239$,contrat_adex,black,1,31,-2.8839,1.0,0.0,2025-08-19 14:38:00,2025-08-19,0,2025-08-19,True,25.307877,2025-08-19 00:00:00,2025-09-13 07:23:20.537109378,24
$210239$,$210239$,contrat_adex,black,2,31,-0.5101,38.0,54.9,2025-11-29 14:38:00,2026-01-23,0,2026-01-23,False,35.690487,2026-01-23 00:00:00,2026-02-27 16:34:18.068847657,90
$210239$,$210239$,contrat_adex,cyan,0,1,,0.0,,2025-07-07 14:38:00,,1,,False,41.90493,2025-07-07 14:38:00,2025-08-18 12:21:05.961914063,41
$210239$,$210239$,contrat_adex,cyan,1,31,-0.327,1.0,0.0,2025-11-29 14:38:00,2025-11-29,1,2025-11-28,True,30.9926,2025-11-29 00:00:00,2025-12-29 23:49:20.595703126,30
$210239$,$210239$,contrat_adex,magenta,0,1,,0.0,,2025-07-07 14:38:00,,-8,,False,36.209534,2025-07-07 14:38:00,2025-08-12 19:39:43.710937495,36
$210239$,$210239$,contrat_adex,magenta,1,31,-0.1927,20.0,51.9,2025-11-29 14:38:00,2026-01-20,-8,2026-01-28,False,33.542973,2026-01-20 00:00:00,2026-02-22 13:01:52.829589846,84
$210239$,$210239$,contrat_adex,yellow,0,1,,0.0,,2025-07-07 14:38:00,,-11,,False,29.493448,2025-07-07 14:38:00,2025-08-06 02:28:33.929443360,29
$210239$,$210239$,contrat_adex,yellow,1,31,-3.5815,1.0,0.0,2025-08-19 14:38:00,2025-08-19,-11,2025-08-30,False,21.428707,2025-08-19 00:00:00,2025-09-09 10:17:20.295410153,20
$210239$,$210239$,contrat_adex,yellow,2,31,,86.0,,2025-11-29 14:38:00,,-11,,False,32.205647,2025-11-29 14:38:00,2025-12-31 19:34:07.858886720,32
$210240$,$210240$,contrat_adex,black,0,1,,0.0,,2025-07-08 14:38:00,,0,,False,36.503853,2025-07-08 14:38:00,2025-08-14 02:43:32.885742189,36
$210240$,$210240$,contrat_adex,black,1,31,-0.5714,1.0,0.0,2025-11-29 14:38:00,2025-11-29,0,2025-11-29,True,33.96842,2025-11-29 00:00:00,2026-01-01 23:14:31.325683594,33
$210240$,$210240$,contrat_adex,cyan,0,1,,0.0,,2025-07-08 14:38:00,,1,,False,41.90493,2025-07-08 14:38:00,2025-08-19 12:21:05.961914063,41
$210240$,$210240$,contrat_adex,cyan,1,30,-0.6972,1.0,0.0,2025-10-09 14:38:00,2025-10-09,1,2025-10-08,True,49.542515,2025-10-09 00:00:00,2025-11-27 13:01:13.278808594,48
$210240$,$210240$,contrat_adex,cyan,2,31,-1.2798,26.0,12.5,2025-11-29 14:38:00,2025-12-12,1,2025-12-11,False,41.487213,2025-12-12 00:00:00,2026-01-22 11:41:35.214843747,53
$210240$,$210240$,contrat_adex,magenta,0,1,,0.0,,2025-07-08 14:38:00,,-8,,False,36.209534,2025-07-08 14:38:00,2025-08-13 19:39:43.710937495,36
$210240$,$210240$,contrat_adex,magenta,1,31,-0.4726,27.0,36.0,2025-11-29 14:38:00,2026-01-04,-8,2026-01-12,False,15.344629,2026-01-04 00:00:00,2026-01-19 08:16:15.970458982,50
$210240$,$210240$,contrat_adex,yellow,0,1,,0.0,,2025-07-08 14:38:00,,-11,,False,29.493448,2025-07-08 14:38:00,2025-08-07 02:28:33.929443360,29
$210240$,$210240$,contrat_adex,yellow,1,31,-0.6008,6.0,0.0,2025-11-29 14:38:00,2025-11-29,-11,2025-12-10,False,29.479633,2025-11-29 00:00:00,2025-12-28 11:30:40.319824216,28
$2ER42835$,$2ER42835$,contrat_adex,black,0,590,,0.0,,2024-04-12 12:04:00,,0,,False,56.012806,2024-04-12 12:04:00,2024-06-07 12:22:26.433105468,56
$2ER42835$,$2ER42835$,contrat_adex,cyan,0,590,,0.0,,2024-04-12 12:04:00,,1,,False,53.72252,2024-04-12 12:04:00,2024-06-05 05:24:25.634765621,53
$2ER42835$,$2ER42835$,contrat_adex,magenta,0,590,,0.0,,2024-04-12 12:04:00,,-8,,False,63.610065,2024-04-12 12:04:00,2024-06-15 02:42:29.655761720,63
$2ER42835$,$2ER42835$,contrat_adex,yellow,0,590,,0.0,,2024-04-12 12:04:00,,-11,,False,55.60494,2024-04-12 12:04:00,2024-06-07 02:35:06.687011720,55
$2YA18044$,$2YA18044$,contrat_adex,black,0,2,,0.0,,2023-12-05 14:17:00,,0,,False,42.870865,2023-12-05 14:17:00,2024-01-17 11:11:02.724609378,42
$2YA18044$,$2YA18044$,contrat_adex,black,1,31,,8.0,,2025-11-29 14:17:00,,0,,False,37.963573,2025-11-29 14:17:00,2026-01-06 13:24:32.746582027,37
$2YA18044$,$2YA18044$,contrat_adex,cyan,0,2,,0.0,,2023-12-05 14:17:00,,1,,False,48.27195,2023-12-05 14:17:00,2024-01-22 20:48:36.459960936,48
$2YA18044$,$2YA18044$,contrat_adex,cyan,1,31,,42.0,,2025-11-29 14:17:00,,1,,False,37.195976,2025-11-29 14:17:00,2026-01-05 18:59:12.348632810,37
$2YA18044$,$2YA18044$,contrat_adex,magenta,0,2,,0.0,,2023-12-05 14:17:00,,-8,,False,42.576553,2023-12-05 14:17:00,2024-01-17 04:07:14.208984378,42
$2YA18044$,$2YA18044$,contrat_adex,magenta,1,31,,39.0,,2025-11-29 14:17:00,,-8,,False,34.894188,2025-11-29 14:17:00,2026-01-03 11:44:37.836914063,34
$2YA18044$,$2YA18044$,contrat_adex,yellow,0,2,,0.0,,2023-12-05 14:17:00,,-11,,False,37.343197,2023-12-05 14:17:00,2024-01-11 22:31:12.209472657,37
$2YA18044$,$2YA18044$,contrat_adex,yellow,1,31,,46.0,,2025-11-29 14:17:00,,-11,,False,30.83124,2025-11-29 14:17:00,2025-12-30 10:13:59.110107423,30
$2YM34245$,$2YM34245$,contrat_adex,black,0,28,,0.0,,2024-01-30 14:37:00,,0,,False,28.828478,2024-01-30 14:37:00,2024-02-28 10:30:00.487060549,28
$2YM34245$,$2YM34245$,contrat_adex,black,1,31,-0.3863,1.0,0.0,2025-06-27 14:32:00,2025-06-27,0,2025-06-27,True,30.043394,2025-06-27 00:00:00,2025-07-27 01:02:29.249267576,29
$2YM34245$,$2YM34245$,contrat_adex,black,2,31,-0.4375,49.0,89.1,2025-11-29 14:32:00,2026-02-26,0,2026-02-26,False,38.690453,2026-02-26 00:00:00,2026-04-05 16:34:15.102539063,127
$2YM34245$,$2YM34245$,contrat_adex,cyan,0,28,,0.0,,2024-01-30 14:37:00,,1,,False,34.452698,2024-01-30 14:37:00,2024-03-05 01:28:53.085937495,34
$2YM34245$,$2YM34245$,contrat_adex,cyan,1,31,-0.1544,46.0,233.1,2025-11-29 14:32:00,2026-07-20,1,2026-07-19,False,47.462337,2026-07-20 00:00:00,2026-09-05 11:05:45.959472657,279
$2YM34245$,$2YM34245$,contrat_adex,magenta,0,28,,0.0,,2024-01-30 14:37:00,,-8,,False,28.498617,2024-01-30 14:37:00,2024-02-28 02:35:00.523681639,28
$2YM34245$,$2YM34245$,contrat_adex,magenta,1,31,-0.1565,47.0,236.5,2025-11-29 14:32:00,2026-07-24,-8,2026-08-01,False,52.943836,2026-07-24 00:00:00,2026-09-14 22:39:07.448730468,289
$2YM34245$,$2YM34245$,contrat_adex,yellow,0,28,,0.0,,2024-01-30 14:37:00,,-11,,False,24.13741,2024-01-30 14:37:00,2024-02-23 17:54:52.155761720,24
$2YM34245$,$2YM34245$,contrat_adex,yellow,1,31,-0.1948,41.0,159.2,2025-11-29 14:32:00,2026-05-07,-11,2026-05-18,False,49.11932,2026-05-07 00:00:00,2026-06-25 02:51:49.240722657,207
$2YM34260$,$2YM34260$,contrat_adex,black,0,29,,0.0,,2024-01-31 11:38:00,,0,,False,25.852924,2024-01-31 11:38:00,2024-02-26 08:06:12.663574216,25
