serial;serial_norm;relation_type;color;cycle_id;points_used;slope_pct_per_day;level_now_pct;days_left_est;last_seen;stockout_date;offset_days;reorder_date;should_order_now;rs_n_cycles;rs_mean_cycle_len_days;rs_max_cycle_len_days;rs_last_seen;rs_last_reset;rs_days_since_last_reset;rs_has_reset;us_mean_daily_pct_drop;us_median_daily_pct_drop;us_peak_daily_pct_drop;us_mean_pct_drop_per_cycle;us_has_usage_data;m_total_pages;m_n_records;m_ratio_color;m_ratio_a3;m_daily_mean;m_daily_std;m_total_pages_last30;m_total_pages_last7;month;dayofweek;week;ml_offset_days_v21;last_seen_dt;stockout_date_ml_v21;days_left_ml_v21;reference_date;days_left_v21
$$;$$;contrat_adex;black;115;491;-0.6695;0.0;0.0;2025-12-30 14:41:00;2025-12-30;0;2025-12-30;True;116;10.35344827586207;996;2025-12-30 14:41:00;2025-12-25 22:22:00;4.0;1;0.0;0.0;0.0;85.09482758620689;1.0;;;;;;;;;12;1;1;-0.0025490876;2025-12-30 14:41:00;2025-12-29 23:56:19.758828881;0.0;2025-12-30 14:41:00;0.0
$$;$$;contrat_adex;cyan;116;491;-0.5361;0.0;0.0;2025-12-30 14:41:00;2025-12-30;1;2025-12-29;True;117;10.102564102564102;665;2025-12-30 14:41:00;2025-12-25 22:22:00;4.0;1;0.0;0.0;0.0;82.86324786324786;1.0;;;;;;;;;12;1;1;0.98601747;2025-12-30 14:41:00;2025-12-30 23:39:51.909027096;0.0;2025-12-30 14:41:00;0.0
$$;$$;contrat_adex;magenta;118;491;-0.555;0.0;0.0;2025-12-30 14:41:00;2025-12-30;-8;2026-01-07;True;119;9.932773109243698;665;2025-12-30 14:41:00;2025-12-25 22:22:00;4.0;1;0.0;0.0;0.0;83.10924369747899;1.0;;;;;;;;;12;1;1;-7.990565;2025-12-30 14:41:00;2025-12-22 00:13:35.199279789;0.0;2025-12-30 14:41:00;0.0
$$;$$;contrat_adex;yellow;122;491;-0.522;0.0;0.0;2025-12-30 14:41:00;2025-12-30;-11;2026-01-10;False;123;9.642276422764228;665;2025-12-30 14:41:00;2025-12-25 22:22:00;4.0;1;0.0;0.0;0.0;82.95934959349593;1.0;;;;;;;;;12;1;1;-10.984467;2025-12-30 14:41:00;2025-12-19 00:22:22.089843748;0.0;2025-12-30 14:41:00;0.0
$210239$;$210239$;contrat_adex;black;2;31;-1.1145;8.0;7.2;2025-12-30 14:38:00;2026-01-06;0;2026-01-06;True;3;59.0;133;2025-12-30 14:38:00;2025-08-20 14:38:00;132.0;1;1.047337278106509;0.0;42.0;59.666666666666664;1.0;;;;;;;;;12;1;1;-1.0062788;2025-12-30 14:38:00;2026-01-04 23:50:57.515716557;5.0;2025-12-30 14:38:00;4.0
$210239$;$210239$;contrat_adex;magenta;1;31;-0.7452;1.0;1.3;2025-12-30 14:38:00;2025-12-31;-8;2026-01-08;False;2;88.5;176;2025-12-30 14:38:00;2025-07-08 14:38:00;175.0;1;0.5411764705882353;0.0;28.0;46.5;1.0;;;;;;;;;12;1;1;-3.1631234;2025-12-30 14:38:00;2025-12-27 20:05:06.140899660;0.0;2025-12-30 14:38:00;0.0
$210240$;$210240$;contrat_adex;cyan;2;31;-0.8879;1.0;1.1;2025-12-30 14:38:00;2025-12-31;1;2025-12-30;True;3;58.666666666666664;93;2025-12-30 14:38:00;2025-10-10 14:38:00;81.0;1;1.087719298245614;0.0;11.0;62.0;1.0;;;;;;;;;12;1;1;-2.1869555;2025-12-30 14:38:00;2025-12-28 19:30:47.048950199;0.0;2025-12-30 14:38:00;0.0
$3356552759$;$3356552759$;contrat_adex;black;1;30;-2.4146;6.0;2.5;2025-12-30 14:17:00;2026-01-02;0;2026-01-02;True;2;73.5;106;2025-12-30 14:17:00;2025-11-20 14:17:00;40.0;1;0.6285714285714286;0.0;8.0;39.5;1.0;;;;;;;;;12;1;1;-2.787611;2025-12-30 14:17:00;2025-12-30 05:05:50.408935550;0.0;2025-12-30 14:17:00;0.0
$3392613691$;$3392613691$;contrat_adex;black;1;331;-0.7225;24.0;33.2;2025-02-28 13:06:00;2025-04-02;0;2025-04-02;False;2;322.5;586;2025-02-28 13:06:00;2024-12-31 14:38:00;58.0;1;0.08415841584158416;0.0;4.0;24.0;1.0;;;;;;;;;2;4;9;-1.4341305;2025-02-28 13:06:00;2025-03-31 13:34:51.120529179;31.0;2025-02-28 13:06:00;0.0
$3392613691$;$3392613691$;contrat_adex;cyan;1;331;-0.5651;82.0;145.1;2025-02-28 13:06:00;2025-07-23;1;2025-07-22;False;2;322.5;610;2025-02-28 13:06:00;2025-01-24 14:37:00;34.0;1;0.05408388520971302;0.0;3.0;9.0;1.0;;;;;;;;;2;4;9;1.034432;2025-02-28 13:06:00;2025-07-24 00:49:34.929428102;145.0;2025-02-28 13:06:00;0.0
$3392613691$;$3392613691$;contrat_adex;magenta;1;331;-0.3812;74.0;194.1;2025-02-28 13:06:00;2025-09-10;-8;2025-09-18;False;2;322.5;594;2025-02-28 13:06:00;2025-01-08 14:38:00;50.0;1;0.05077262693156733;0.0;3.0;13.0;1.0;;;;;;;;;2;4;9;-5.8460646;2025-02-28 13:06:00;2025-09-04 03:41:40.021362307;187.0;2025-02-28 13:06:00;0.0
$3392613934$;$3392613934$;contrat_adex;black;1;328;-0.4382;81.0;184.9;2025-03-03 11:12:00;2025-09-04;0;2025-09-04;False;2;321.5;609;2025-03-03 11:12:00;2025-01-28 14:34:00;33.0;1;0.06051873198847262;0.0;3.0;9.5;1.0;;;;;;;;;3;0;10;-1.1719289;2025-03-03 11:12:00;2025-09-02 19:52:25.344543456;183.0;2025-03-03 11:12:00;0.0
$3392613934$;$3392613934$;contrat_adex;cyan;1;328;-0.4739;50.0;105.5;2025-03-03 11:12:00;2025-06-16;1;2025-06-15;False;2;321.5;581;2025-03-03 11:12:00;2024-12-31 14:33:00;61.0;1;0.06340057636887608;0.0;2.0;15.0;1.0;;;;;;;;;3;0;10;-0.18338613;2025-03-03 11:12:00;2025-06-15 19:35:55.438184737;104.0;2025-03-03 11:12:00;0.0
$3392613934$;$3392613934$;contrat_adex;magenta;0;328;-0.3669;22.0;60.0;2025-03-03 11:12:00;2025-05-02;-8;2025-05-10;False;1;643.0;643;2025-03-03 11:12:00;;;0;0.043227665706051875;0.0;2.0;0.0;1.0;;;;;;;;;3;0;10;-8.173099;2025-03-03 11:12:00;2025-04-23 19:50:44.284057622;51.0;2025-03-03 11:12:00;0.0
$3392613934$;$3392613934$;contrat_adex;yellow;1;328;-0.3349;57.0;170.2;2025-03-03 11:12:00;2025-08-20;-11;2025-08-31;False;2;321.5;581;2025-03-03 11:12:00;2024-12-31 14:33:00;61.0;1;0.040345821325648415;0.0;2.0;10.5;1.0;;;;;;;;;3;0;10;-5.4534454;2025-03-03 11:12:00;2025-08-14 13:07:02.314453127;164.0;2025-03-03 11:12:00;0.0
$35N00727$;$35N00727$;contrat_adex;cyan;6;31;-0.8044;1.0;1.2;2025-12-30 14:45:00;2025-12-31;1;2025-12-30;True;7;120.85714285714286;264;2025-12-30 14:45:00;2025-08-08 14:45:00;144.0;1;0.6529006882989185;0.0;17.0;78.0;1.0;;;;;;;;;12;1;1;0.5293535;2025-12-30 14:45:00;2025-12-31 12:42:16.142349240;0.0;2025-12-30 14:45:00;0.0
$3712398760$;$3712398760$;contrat_adex;cyan;0;304;-0.4942;18.0;36.4;2025-03-27 11:02:00;2025-05-02;1;2025-05-01;False;1;675.0;675;2025-03-27 11:02:00;;;0;0.061946902654867256;0.0;4.0;0.0;1.0;;;;;;;;;3;3;13;-0.59925944;2025-03-27 11:02:00;2025-05-01 09:37:03.984718325;34.0;2025-03-27 11:02:00;0.0
$3712398760$;$3712398760$;contrat_adex;magenta;0;304;-0.2575;17.0;66.0;2025-03-27 11:02:00;2025-06-01;-8;2025-06-09;False;1;675.0;675;2025-03-27 11:02:00;;;0;0.03982300884955752;0.0;1.0;0.0;1.0;;;;;;;;;3;3;13;-7.557239;2025-03-27 11:02:00;2025-05-24 10:37:34.545593266;57.0;2025-03-27 11:02:00;0.0
$3712398760$;$3712398760$;contrat_adex;yellow;0;304;-0.2714;42.0;154.8;2025-03-27 11:02:00;2025-08-29;-11;2025-09-09;False;1;675.0;675;2025-03-27 11:02:00;;;0;0.06415929203539823;0.0;2.0;0.0;1.0;;;;;;;;;3;3;13;-8.053974;2025-03-27 11:02:00;2025-08-20 22:42:16.633300784;146.0;2025-03-27 11:02:00;0.0
$3717195336$;$3717195336$;contrat_adex;cyan;0;93;-0.1048;1.0;9.5;2025-10-27 09:45:00;2025-11-05;1;2025-11-04;True;1;83.0;83;2025-10-27 09:45:00;;;0;0.13666666666666666;0.0;1.0;0.0;1.0;;;;;;;;;10;0;44;0.15105356;2025-10-27 09:45:00;2025-11-05 03:37:31.027822498;8.0;2025-10-27 09:45:00;0.0
$3717198351$;$3717198351$;contrat_adex;yellow;0;76;-0.1756;6.0;34.2;2025-11-13 09:59:00;2025-12-17;-11;2025-12-28;False;1;28.0;28;2025-11-13 09:59:00;;;0;0.2222222222222222;0.0;2.0;4.0;1.0;;;;;;;;;11;3;46;-8.782977;2025-11-13 09:59:00;2025-12-08 05:12:30.778198244;24.0;2025-11-13 09:59:00;0.0
$3771713784$;$3771713784$;contrat_adex;black;3;30;-3.1583;10.0;3.2;2025-12-30 14:21:00;2026-01-02;0;2026-01-02;True;4;183.75;569;2025-12-30 14:21:00;2025-10-30 14:21:00;61.0;1;0.4784842646114323;0.0;10.0;70.0;1.0;;;;;;;;;12;1;1;-0.43172076;2025-12-30 14:21:00;2026-01-01 13:38:19.326038361;1.0;2025-12-30 14:21:00;1.0
$3774282970$;$3774282970$;contrat_adex;magenta;0;31;-0.6847;4.0;5.8;2025-12-30 14:18:00;2026-01-05;-8;2026-01-13;False;1;91.0;91;2025-12-30 14:18:00;;;0;0.5168539325842697;0.0;5.0;0.0;1.0;;;;;;;;;12;1;1;-6.475328;2025-12-30 14:18:00;2025-12-29 12:35:31.663513185;0.0;2025-12-30 14:18:00;0.0
$3774393195$;$3774393195$;contrat_adex;magenta;1;31;-0.9565;17.0;17.8;2025-12-30 14:18:00;2026-01-17;-8;2026-01-25;False;2;45.5;79;2025-12-30 14:18:00;2025-10-13 14:18:00;78.0;1;1.4204545454545454;1.0;12.0;40.5;1.0;;;;;;;;;12;1;1;-7.6592827;2025-12-30 14:18:00;2026-01-09 08:10:37.976074217;9.0;2025-12-30 14:18:00;9.0
$3942059506$;$3942059506$;contrat_adex;magenta;0;76;-0.2376;9.0;37.9;2025-11-13 10:29:00;2025-12-21;-8;2025-12-29;False;1;28.0;28;2025-11-13 10:29:00;;;0;0.2777777777777778;0.0;1.0;7.0;1.0;;;;;;;;;11;3;46;-6.7192082;2025-11-13 10:29:00;2025-12-14 06:44:20.408020023;30.0;2025-11-13 10:29:00;0.0
$3MU04986$;$3MU04986$;contrat_adex;yellow;3;453;-1.7852;77.0;43.1;2025-05-30 14:54:00;2025-07-12;-11;2025-07-23;False;4;202.25;424;2025-05-30 14:54:00;2025-04-11 14:45:00;49.0;1;0.11428571428571428;0.0;3.0;49.5;1.0;;;;;;;;;5;4;22;-10.669916;2025-05-30 14:54:00;2025-07-01 07:55:19.244384766;31.0;2025-05-30 14:54:00;0.0
$3NP03076$;$3NP03076$;contrat_adex;cyan;1;233;-0.3046;47.0;154.3;2025-06-09 10:42:00;2025-11-10;1;2025-11-09;False;2;443.0;760;2025-06-09 10:42:00;2025-02-03 14:42:00;125.0;1;0.18015170670037928;0.0;7.0;75.5;1.0;;;;;;;;;6;0;24;-0.35015687;2025-06-09 10:42:00;2025-11-09 15:35:46.446132659;153.0;2025-06-09 10:42:00;0.0
$3NP03120$;$3NP03120$;contrat_adex;black;3;303;-0.3687;2.0;5.4;2025-03-28 08:32:00;2025-04-02;0;2025-04-02;True;4;192.5;316;2025-03-28 08:32:00;2024-10-08 14:37:00;170.0;1;0.5785103946441156;0.0;100.0;98.5;1.0;;;;;;;;;3;4;13;-0.13145301;2025-03-28 08:32:00;2025-04-01 20:50:42.460155491;4.0;2025-03-28 08:32:00;0.0
$3NP03120$;$3NP03120$;contrat_adex;cyan;2;303;-0.3994;50.0;125.2;2025-03-28 08:32:00;2025-07-31;1;2025-07-30;False;3;259.3333333333333;380;2025-03-28 08:32:00;2024-11-18 14:37:00;129.0;1;0.17653127014829142;0.0;8.0;76.33333333333333;1.0;;;;;;;;;3;4;13;-0.103523694;2025-03-28 08:32:00;2025-07-30 21:30:55.552840232;124.0;2025-03-28 08:32:00;0.0
$3NP03120$;$3NP03120$;contrat_adex;magenta;2;303;-0.3745;57.0;152.2;2025-03-28 08:32:00;2025-08-27;-8;2025-09-04;False;3;259.6666666666667;380;2025-03-28 08:32:00;2024-11-20 14:37:00;127.0;1;0.16946837817244007;0.0;7.0;74.66666666666667;1.0;;;;;;;;;3;4;13;-6.7080326;2025-03-28 08:32:00;2025-08-20 07:00:25.982666018;144.0;2025-03-28 08:32:00;0.0
$3NP03120$;$3NP03120$;contrat_adex;yellow;2;303;-0.3295;84.0;254.9;2025-03-28 08:32:00;2025-12-08;-11;2025-12-19;False;3;259.6666666666667;380;2025-03-28 08:32:00;2025-02-08 14:32:00;47.0;1;0.142518023562511;0.0;7.0;71.66666666666667;1.0;;;;;;;;;3;4;13;-10.673489;2025-03-28 08:32:00;2025-11-27 07:50:10.583496091;243.0;2025-03-28 08:32:00;0.0
$3TE05641$;$3TE05641$;contrat_adex;black;1;531;-0.5011;49.0;97.8;2024-08-14 10:14:00;2024-11-20;0;2024-11-20;False;2;125.5;141;2024-08-14 10:14:00;2024-04-26 14:44:00;109.0;1;0.48237885462555063;0.0;4.0;59.0;1.0;;;;;;;;;8;2;33;-1.9062284;2024-08-14 10:14:00;2024-11-18 02:15:01.864242553;95.0;2024-08-14 10:14:00;0.0
$3TE05641$;$3TE05641$;contrat_adex;cyan;0;531;-0.161;66.0;300.0;2024-08-14 10:14:00;2025-06-10;1;2025-06-09;False;1;251.0;251;2024-08-14 10:14:00;;;0;0.11842105263157894;0.0;2.0;28.0;1.0;;;;;;;;;8;2;33;-4.974222;2024-08-14 10:14:00;2025-06-05 00:37:07.203369144;294.0;2024-08-14 10:14:00;0.0
$3TE05641$;$3TE05641$;contrat_adex;magenta;0;531;-0.127;64.0;300.0;2024-08-14 10:14:00;2025-06-10;-8;2025-06-18;False;1;251.0;251;2024-08-14 10:14:00;;;0;0.12280701754385964;0.0;2.0;29.0;1.0;;;;;;;;;8;2;33;-7.6545167;2024-08-14 10:14:00;2025-06-02 08:17:29.757385257;291.0;2024-08-14 10:14:00;0.0
$3TE05641$;$3TE05641$;contrat_adex;yellow;0;531;-0.1745;61.0;300.0;2024-08-14 10:14:00;2025-06-10;-11;2025-06-21;False;1;251.0;251;2024-08-14 10:14:00;;;0;0.12719298245614036;0.0;2.0;31.0;1.0;;;;;;;;;8;2;33;-8.888035;2024-08-14 10:14:00;2025-06-01 02:41:13.791503910;290.0;2024-08-14 10:14:00;0.0
$4BU06875$;$4BU06875$;contrat_adex;black;6;37;-1.2844;18.0;14.0;2025-12-15 18:21:00;2025-12-29;0;2025-12-29;False;7;140.71428571428572;344;2025-12-15 18:21:00;2025-10-28 14:21:00;48.0;1;1.2857839982839985;1.0;10.0;81.57142857142857;1.0;;;;;;;;;12;0;51;0.13146438;2025-12-15 18:21:00;2025-12-29 03:09:18.522176739;13.0;2025-12-15 18:21:00;0.0
$4BU06875$;$4BU06875$;contrat_adex;cyan;1;37;-0.3249;1.0;3.1;2025-12-15 18:21:00;2025-12-18;1;2025-12-17;True;2;481.5;500;2025-12-15 18:21:00;2024-09-09 14:21:00;462.0;1;0.26469897893948524;0.16666666666666666;2.0;91.5;1.0;;;;;;;;;12;0;51;-0.00799949;2025-12-15 18:21:00;2025-12-17 23:48:28.844062687;2.0;2025-12-15 18:21:00;0.0
$JPBVJDM0SF$;$JPBVJDM0SF$;contrat_adex;black;4;457;-1.8632;0.0;0.0;2024-10-25 11:40:00;2024-10-25;0;2024-10-25;True;5;70.0;119;2024-10-25 11:40:00;2024-07-25 14:30:00;91.0;1;1.0904518950437319;1.0;17.0;70.6;1.0;;;;;;;;;10;4;43;-0.71057624;2024-10-25 11:40:00;2024-10-24 06:56:46.213188173;0.0;2024-10-25 11:40:00;0.0
$JPBVJDM0SF$;$JPBVJDM0SF$;contrat_adex;cyan;3;457;-1.0706;29.0;27.1;2024-10-25 11:40:00;2024-11-21;1;2024-11-20;False;4;87.5;136;2024-10-25 11:40:00;2024-07-25 14:30:00;91.0;1;0.771452784503632;0.0;10.0;63.75;1.0;;;;;;;;;10;4;43;0.6586868;2024-10-25 11:40:00;2024-11-21 15:48:30.540962223;27.0;2024-10-25 11:40:00;0.0
$JPBVJDM0SF$;$JPBVJDM0SF$;contrat_adex;magenta;2;457;-0.1349;0.0;0.0;2024-10-25 11:40:00;2024-10-25;-8;2024-11-02;True;3;116.66666666666667;185;2024-10-25 11:40:00;2024-04-23 14:30:00;184.0;1;0.6119208494208495;0.0;6.0;66.0;1.0;;;;;;;;;10;4;43;-5.2115746;2024-10-25 11:40:00;2024-10-19 18:55:19.958496091;0.0;2024-10-25 11:40:00;0.0
$JPBVJDM0SF$;$JPBVJDM0SF$;contrat_adex;yellow;3;457;-2.1471;0.0;0.0;2024-10-25 11:40:00;2024-10-25;-11;2024-11-05;False;4;87.5;136;2024-10-25 11:40:00;2024-07-25 14:30:00;91.0;1;0.8656900726392251;1.0;17.0;70.5;1.0;;;;;;;;;10;4;43;-6.1276073;2024-10-25 11:40:00;2024-10-18 20:56:14.725341793;0.0;2024-10-25 11:40:00;0.0
$JPBVK2604K$;$JPBVK2604K$;contrat_adex;black;2;356;-2.6405;13.0;4.9;2025-02-03 14:30:00;2025-02-08;0;2025-02-08;True;3;150.0;293;2025-02-03 14:30:00;2024-12-21 14:30:00;44.0;1;0.47381546134663344;0.0;22.0;61.666666666666664;1.0;;;;;;;;;2;0;6;-0.8952052;2025-02-03 14:30:00;2025-02-07 02:30:54.270744322;3.0;2025-02-03 14:30:00;0.0
$JPBVK2604K$;$JPBVK2604K$;contrat_adex;cyan;2;356;-1.2292;48.0;39.0;2025-02-03 14:30:00;2025-03-14;1;2025-03-13;False;3;150.0;401;2025-02-03 14:30:00;2024-12-21 14:30:00;44.0;1;0.3283582089552239;0.0;5.0;44.333333333333336;1.0;;;;;;;;;2;0;6;-0.98765147;2025-02-03 14:30:00;2025-03-13 00:17:46.913223267;37.0;2025-02-03 14:30:00;0.0
$JPBVK2604K$;$JPBVK2604K$;contrat_adex;yellow;3;329;-0.856;97.0;113.3;2025-02-03 14:30:00;2025-05-27;-11;2025-06-07;False;4;112.5;401;2025-02-03 14:30:00;2025-01-31 14:30:00;3.0;1;0.42643391521197005;0.0;50.0;43.0;1.0;;;;;;;;;2;0;6;-11.241152;2025-02-03 14:30:00;2025-05-15 18:12:44.483642577;101.0;2025-02-03 14:30:00;0.0
$JPBVK2604R$;$JPBVK2604R$;contrat_adex;magenta;1;355;-0.1155;43.0;300.0;2025-02-03 15:00:00;2025-11-30;-8;2025-12-08;False;2;129.0;174;2025-02-03 15:00:00;2024-08-14 14:30:00;173.0;1;0.2446351931330472;0.0;4.0;28.5;1.0;;;;;;;;;2;0;6;-8.186308;2025-02-03 15:00:00;2025-11-21 19:31:42.996826172;291.0;2025-02-03 15:00:00;0.0
$JPBVK2604R$;$JPBVK2604R$;contrat_adex;yellow;1;355;-0.1155;52.0;300.0;2025-02-03 15:00:00;2025-11-30;-11;2025-12-11;False;2;129.0;195;2025-02-03 15:00:00;2024-07-24 14:30:00;194.0;1;0.2543103448275862;0.0;5.0;5.5;1.0;;;;;;;;;2;0;6;-10.136999;2025-02-03 15:00:00;2025-11-19 20:42:43.275146487;289.0;2025-02-03 15:00:00;0.0
$JPBVK2604Z$;$JPBVK2604Z$;contrat_adex;black;2;481;-0.4136;38.0;91.9;2024-10-01 11:40:00;2025-01-01;0;2025-01-01;False;3;108.66666666666667;156;2024-10-01 11:40:00;2024-05-01 14:30:00;152.0;1;0.5083333333333333;0.0;21.0;54.0;1.0;;;;;;;;;10;1;40;-0.4911671;2024-10-01 11:40:00;2024-12-31 12:12:43.162708280;91.0;2024-10-01 11:40:00;0.0
$JPBVK2604Z$;$JPBVK2604Z$;contrat_adex;cyan;2;481;-0.3967;76.0;191.6;2024-10-01 11:40:00;2025-04-11;1;2025-04-10;False;3;109.0;259;2024-10-01 11:40:00;2024-07-29 15:40:00;63.0;1;0.36046511627906974;0.0;22.0;39.666666666666664;1.0;;;;;;;;;10;1;40;-0.4232254;2024-10-01 11:40:00;2025-04-10 13:50:33.325195316;191.0;2024-10-01 11:40:00;0.0
$JPBVK2604Z$;$JPBVK2604Z$;contrat_adex;magenta;2;481;-0.4056;76.0;187.4;2024-10-01 11:40:00;2025-04-06;-8;2025-04-14;False;3;109.0;259;2024-10-01 11:40:00;2024-07-29 15:40:00;63.0;1;0.36046511627906974;0.0;4.0;39.0;1.0;;;;;;;;;10;1;40;-4.7380204;2024-10-01 11:40:00;2025-04-01 06:17:15.035705564;181.0;2024-10-01 11:40:00;0.0
$JPBVK2604Z$;$JPBVK2604Z$;contrat_adex;yellow;2;481;-0.1526;51.0;300.0;2024-10-01 11:40:00;2025-07-28;-11;2025-08-08;False;3;108.66666666666667;169;2024-10-01 11:40:00;2024-05-01 14:30:00;152.0;1;0.44;0.0;31.0;48.333333333333336;1.0;;;;;;;;;10;1;40;-10.43652;2024-10-01 11:40:00;2025-07-17 13:31:24.704589847;289.0;2024-10-01 11:40:00;0.0
$JPBVK360SY$;$JPBVK360SY$;contrat_adex;magenta;1;466;-0.1312;72.0;300.0;2024-10-16 09:00:00;2025-08-12;-8;2025-08-20;False;2;170.5;232;2024-10-16 09:00:00;2024-02-27 14:30:00;231.0;1;0.14968152866242038;0.0;4.0;14.0;1.0;;;;;;;;;10;2;42;-7.380948;2024-10-16 09:00:00;2025-08-04 14:51:26.087036136;292.0;2024-10-16 09:00:00;0.0
$JPBVK360T1$;$JPBVK360T1$;contrat_adex;black;2;473;-0.3718;81.0;217.9;2024-10-09 09:00:00;2025-05-15;0;2025-05-15;False;3;111.33333333333333;233;2024-10-09 09:00:00;2024-08-01 14:30:00;68.0;1;0.385;0.0;21.0;39.0;1.0;;;;;;;;;10;2;41;0.022259906;2024-10-09 09:00:00;2025-05-15 00:32:03.255872723;217.0;2024-10-09 09:00:00;0.0
$JPBVK360T1$;$JPBVK360T1$;contrat_adex;cyan;3;473;-0.2742;85.0;300.0;2024-10-09 09:00:00;2025-08-05;1;2025-08-04;False;4;83.25;173;2024-10-09 09:00:00;2024-08-01 14:30:00;68.0;1;0.584717607973422;0.0;40.0;46.0;1.0;;;;;;;;;10;2;41;0.97927207;2024-10-09 09:00:00;2025-08-05 23:30:09.106636043;300.0;2024-10-09 09:00:00;0.0
$JPBVK360T1$;$JPBVK360T1$;contrat_adex;magenta;1;473;-0.2917;50.0;171.4;2024-10-09 09:00:00;2025-03-29;-8;2025-04-06;False;2;167.0;194;2024-10-09 09:00:00;2024-03-29 14:30:00;193.0;1;0.3122923588039867;0.0;12.0;25.0;1.0;;;;;;;;;10;2;41;-7.9824767;2024-10-09 09:00:00;2025-03-21 00:25:14.012145996;162.0;2024-10-09 09:00:00;0.0
$JPBVK360T1$;$JPBVK360T1$;contrat_adex;yellow;2;473;-2.1493;20.0;9.3;2024-10-09 09:00:00;2024-10-18;-11;2024-10-29;False;3;111.33333333333333;170;2024-10-09 09:00:00;2024-04-22 14:30:00;169.0;1;0.4833887043189369;0.0;41.0;50.666666666666664;1.0;;;;;;;;;10;2;41;-8.796729;2024-10-09 09:00:00;2024-10-09 04:52:42.606811523;0.0;2024-10-09 09:00:00;0.0
$JPBVK3N0TP$;$JPBVK3N0TP$;contrat_adex;black;2;466;-0.2383;47.0;197.2;2024-10-16 09:00:00;2025-05-01;0;2025-05-01;False;3;113.66666666666667;176;2024-10-16 09:00:00;2024-04-23 14:30:00;175.0;1;0.45686900958466453;0.0;17.0;48.333333333333336;1.0;;;;;;;;;10;2;42;-0.955307;2024-10-16 09:00:00;2025-04-30 01:04:21.474609379;195.0;2024-10-16 09:00:00;0.0
$JPBVK3N0TP$;$JPBVK3N0TP$;contrat_adex;cyan;2;466;-0.2225;54.0;242.7;2024-10-16 09:00:00;2025-06-16;1;2025-06-15;False;3;113.66666666666667;176;2024-10-16 09:00:00;2024-04-23 14:30:00;175.0;1;0.34076433121019106;0.0;3.0;38.333333333333336;1.0;;;;;;;;;10;2;42;0.4361248;2024-10-16 09:00:00;2025-06-16 10:28:01.182861324;243.0;2024-10-16 09:00:00;0.0
$JPBVK3N0TP$;$JPBVK3N0TP$;contrat_adex;magenta;1;466;-0.2217;17.0;76.7;2024-10-16 09:00:00;2025-01-01;-8;2025-01-09;False;2;170.5;260;2024-10-16 09:00:00;2024-01-30 14:30:00;259.0;1;0.32643312101910826;0.0;5.0;41.0;1.0;;;;;;;;;10;2;42;-6.173883;2024-10-16 09:00:00;2024-12-25 19:49:36.512145996;70.0;2024-10-16 09:00:00;0.0
$JPBVK3N0TP$;$JPBVK3N0TP$;contrat_adex;yellow;2;466;-0.2075;89.0;300.0;2024-10-16 09:00:00;2025-08-12;-11;2025-08-23;False;3;113.33333333333333;249;2024-10-16 09:00:00;2024-08-26 14:30:00;50.0;1;0.3258785942492013;0.0;3.0;31.0;1.0;;;;;;;;;10;2;42;-6.446798;2024-10-16 09:00:00;2025-08-05 13:16:36.665954591;293.0;2024-10-16 09:00:00;0.0
$JPBVK460SW$;$JPBVK460SW$;contrat_adex;magenta;0;458;-0.3994;4.0;10.0;2024-10-24 14:00:00;2024-11-03;-8;2024-11-11;False;1;349.0;349;2024-10-24 14:00:00;;;0;0.1388888888888889;0.0;7.0;0.0;1.0;;;;;;;;;10;3;43;-2.5034978;2024-10-24 14:00:00;2024-10-31 11:54:57.786712647;6.0;2024-10-24 14:00:00;0.0
$JPBVK460T0$;$JPBVK460T0$;contrat_adex;yellow;2;349;-0.5285;77.0;145.7;2025-02-10 12:00:00;2025-07-06;-11;2025-07-17;False;3;146.33333333333334;322;2025-02-10 12:00:00;2024-12-18 14:30:00;53.0;1;0.38077858880778587;0.0;86.0;39.0;1.0;;;;;;;;;2;0;7;-10.719004;2025-02-10 12:00:00;2025-06-25 06:44:38.082275388;134.0;2025-02-10 12:00:00;0.0
$JPBVK460VK$;$JPBVK460VK$;contrat_adex;black;2;458;-0.292;50.0;171.2;2024-10-24 14:00:00;2025-04-13;0;2025-04-13;False;3;116.33333333333333;188;2024-10-24 14:00:00;2024-04-19 14:30:00;187.0;1;0.5268987341772152;0.0;54.0;38.333333333333336;1.0;;;;;;;;;10;3;43;0.09260948;2024-10-24 14:00:00;2025-04-13 02:13:21.459074021;170.0;2024-10-24 14:00:00;0.0
$JPBVK460VK$;$JPBVK460VK$;contrat_adex;cyan;3;437;-0.2644;97.0;300.0;2024-10-24 14:00:00;2025-08-20;1;2025-08-19;False;4;87.25;179;2024-10-24 14:00:00;2024-10-15 14:30:00;8.0;1;0.43829113924050633;0.0;61.0;49.75;1.0;;;;;;;;;10;3;43;1.1333528;2024-10-24 14:00:00;2025-08-21 03:12:01.678161617;300.0;2024-10-24 14:00:00;0.0
$JPBVK460VK$;$JPBVK460VK$;contrat_adex;magenta;1;458;-0.2737;0.0;0.0;2024-10-24 14:00:00;2024-10-24;-8;2024-11-01;True;2;174.5;345;2024-10-24 14:00:00;2023-11-14 14:30:00;344.0;1;0.27672955974842767;0.0;13.0;47.0;1.0;;;;;;;;;10;3;43;-6.134431;2024-10-24 14:00:00;2024-10-17 20:46:25.171508793;0.0;2024-10-24 14:00:00;0.0
$JPBVK460VK$;$JPBVK460VK$;contrat_adex;yellow;3;437;-0.2644;77.0;291.2;2024-10-24 14:00:00;2025-08-11;-11;2025-08-22;False;4;87.25;246;2024-10-24 14:00:00;2024-10-15 14:30:00;8.0;1;0.5632911392405063;0.0;81.0;46.25;1.0;;;;;;;;;10;3;43;-10.273995;2024-10-24 14:00:00;2025-07-31 17:25:26.797485352;280.0;2024-10-24 14:00:00;0.0
$JPBVK460VN$;$JPBVK460VN$;contrat_adex;black;4;551;-1.2827;96.0;74.8;2024-06-28 09:00:00;2024-09-11;0;2024-09-11;False;5;42.8;85;2024-06-28 09:00:00;2024-06-25 14:30:00;2.0;1;1.1838235294117647;1.0;18.0;48.4;1.0;;;;;;;;;6;4;26;0.023863073;2024-06-28 09:00:00;2024-09-11 00:34:21.769545077;74.0;2024-06-28 09:00:00;0.0
$JPBVK460VN$;$JPBVK460VN$;contrat_adex;cyan;2;578;-1.0743;12.0;11.2;2024-06-28 09:00:00;2024-07-09;1;2024-07-08;False;3;76.66666666666667;125;2024-06-28 09:00:00;2024-03-18 14:30:00;101.0;1;0.724390243902439;0.0;10.0;57.0;1.0;;;;;;;;;6;4;26;0.1832304;2024-06-28 09:00:00;2024-07-09 04:23:51.106567378;10.0;2024-06-28 09:00:00;0.0
$JPBVK460VN$;$JPBVK460VN$;contrat_adex;magenta;2;570;-0.8567;78.0;91.1;2024-06-28 09:00:00;2024-09-27;-8;2024-10-05;False;3;76.66666666666667;142;2024-06-28 09:00:00;2024-06-06 14:30:00;21.0;1;0.6813725490196079;0.0;9.0;39.666666666666664;1.0;;;;;;;;;6;4;26;-6.166057;2024-06-28 09:00:00;2024-09-20 20:00:52.665710447;84.0;2024-06-28 09:00:00;0.0
$JPBVK460VN$;$JPBVK460VN$;contrat_adex;yellow;2;551;-20.3358;17.0;0.8;2024-06-28 09:00:00;2024-06-29;-11;2024-07-10;False;3;76.66666666666667;137;2024-06-28 09:00:00;2024-06-25 14:30:00;2.0;1;0.9901960784313726;0.0;82.0;61.0;1.0;;;;;;;;;6;4;26;-10.869624;2024-06-28 09:00:00;2024-06-18 03:07:44.474487307;0.0;2024-06-28 09:00:00;0.0
$JPBVK460W4$;$JPBVK460W4$;contrat_adex;black;1;349;-0.3353;7.0;20.9;2025-02-10 11:30:00;2025-03-03;0;2025-03-03;False;2;208.0;340;2025-02-10 11:30:00;2024-03-07 14:30:00;339.0;1;0.25806451612903225;0.0;6.0;49.0;1.0;;;;;;;;;2;0;7;-1.8286732;2025-02-10 11:30:00;2025-03-01 04:06:42.631759648;18.0;2025-02-10 11:30:00;0.0
$JPBVK460W4$;$JPBVK460W4$;contrat_adex;cyan;1;338;-0.3352;93.0;277.4;2025-02-10 11:30:00;2025-11-14;1;2025-11-13;False;2;208.0;397;2025-02-10 11:30:00;2025-01-22 14:30:00;18.0;1;0.1935483870967742;0.0;8.0;37.0;1.0;;;;;;;;;2;0;7;-1.371714;2025-02-10 11:30:00;2025-11-12 15:04:43.910751346;275.0;2025-02-10 11:30:00;0.0
$JPBVK460W4$;$JPBVK460W4$;contrat_adex;magenta;1;349;-0.4476;84.0;187.7;2025-02-10 11:30:00;2025-08-17;-8;2025-08-25;False;2;208.0;371;2025-02-10 11:30:00;2024-12-27 14:30:00;44.0;1;0.17473118279569894;0.0;4.0;33.0;1.0;;;;;;;;;2;0;7;-6.799353;2025-02-10 11:30:00;2025-08-10 04:48:55.890197753;180.0;2025-02-10 11:30:00;0.0
$JPBVK460W4$;$JPBVK460W4$;contrat_adex;yellow;1;338;-0.3754;93.0;247.7;2025-02-10 11:30:00;2025-10-16;-11;2025-10-27;False;2;208.0;397;2025-02-10 11:30:00;2025-01-22 14:30:00;18.0;1;0.20161290322580644;0.0;9.0;38.0;1.0;;;;;;;;;2;0;7;-8.724606;2025-02-10 11:30:00;2025-10-07 06:36:34.079589847;238.0;2025-02-10 11:30:00;0.0
$JPBVK460XL$;$JPBVK460XL$;contrat_adex;black;2;701;-1.2949;42.0;32.4;2024-02-09 09:00:00;2024-03-12;0;2024-03-12;False;3;30.333333333333332;45;2024-02-09 09:00:00;2023-12-26 14:30:00;44.0;1;1.4597701149425288;1.0;15.0;42.333333333333336;1.0;;;;;;;;;2;4;6;0.93736696;2024-02-09 09:00:00;2024-03-12 22:29:48.505554202;32.0;2024-02-09 09:00:00;0.0
$JPBVK460XL$;$JPBVK460XL$;contrat_adex;cyan;1;701;-0.9273;56.0;60.4;2024-02-09 09:00:00;2024-04-09;1;2024-04-08;False;2;45.5;46;2024-02-09 09:00:00;2023-12-26 14:30:00;44.0;1;0.5;0.0;3.0;22.0;1.0;;;;;;;;;2;4;6;-2.997263;2024-02-09 09:00:00;2024-04-06 00:03:56.480712892;56.0;2024-02-09 09:00:00;0.0
$JPBVK460XL$;$JPBVK460XL$;contrat_adex;magenta;1;701;-0.9393;55.0;58.6;2024-02-09 09:00:00;2024-04-07;-8;2024-04-15;False;2;45.5;46;2024-02-09 09:00:00;2023-12-26 14:30:00;44.0;1;0.8735632183908046;1.0;4.0;22.5;1.0;;;;;;;;;2;4;6;-7.061574;2024-02-09 09:00:00;2024-03-30 22:31:20.007934568;50.0;2024-02-09 09:00:00;0.0
$JPBVK460XL$;$JPBVK460XL$;contrat_adex;yellow;1;701;-0.9164;57.0;62.2;2024-02-09 09:00:00;2024-04-11;-11;2024-04-22;False;2;45.5;46;2024-02-09 09:00:00;2023-12-26 14:30:00;44.0;1;0.48863636363636365;0.0;3.0;21.5;1.0;;;;;;;;;2;4;6;-7.8492293;2024-02-09 09:00:00;2024-04-03 03:37:06.585388185;53.0;2024-02-09 09:00:00;0.0
$KNDY16397$;$KNDY16397$;contrat_adex;black;1;621;-0.4815;76.0;157.8;2024-04-18 19:01:00;2024-09-23;0;2024-09-23;False;2;216.0;396;2024-04-18 19:01:00;2023-03-20 17:01:00;395.0;1;0.8201703445605885;0.2222222222222222;4.0;26.0;1.0;;;;;;;;;4;3;16;-0.116117656;2024-04-18 19:01:00;2024-09-22 21:12:47.434501651;157.0;2024-04-18 19:01:00;0.0
$X3BL080728$;$X3BL080728$;contrat_adex;black;2;21;-0.2299;1.0;4.4;2025-12-30 14:25:00;2026-01-03;0;2026-01-03;True;3;350.3333333333333;694;2025-12-30 14:25:00;2025-08-11 14:25:00;141.0;1;0.4641025641025641;0.0;2.0;69.33333333333333;1.0;;;;;;;;;12;1;1;0.36870527;2025-12-30 14:25:00;2026-01-03 08:50:56.135559085;3.0;2025-12-30 14:25:00;3.0
$X3BL110257$;$X3BL110257$;contrat_adex;black;7;30;-0.9686;5.0;5.2;2025-12-30 14:32:00;2026-01-04;0;2026-01-04;True;8;100.625;192;2025-12-30 14:32:00;2025-09-26 14:32:00;95.0;1;0.9377882919549586;1.0;14.0;82.625;1.0;;;;;;;;;12;1;1;-0.32932252;2025-12-30 14:32:00;2026-01-03 16:05:46.534538268;4.0;2025-12-30 14:32:00;3.0
$X3BL116988$;$X3BL116988$;contrat_adex;black;3;30;-0.146;1.0;6.8;2025-12-30 14:32:00;2026-01-06;0;2026-01-06;True;4;164.25;330;2025-12-30 14:32:00;2025-06-20 14:31:00;193.0;1;0.5331977828679676;0.0;4.0;72.75;1.0;;;;;;;;;12;1;1;-0.146847;2025-12-30 14:32:00;2026-01-05 20:28:32.419652935;6.0;2025-12-30 14:32:00;5.0
$X3BL124867$;$X3BL124867$;contrat_adex;black;1;31;-0.151;1.0;6.6;2025-12-30 14:32:00;2026-01-06;0;2026-01-06;True;2;310.5;596;2025-12-30 14:32:00;2024-05-14 14:20:00;595.0;1;0.2527149721027272;0.0;10.0;49.0;1.0;;;;;;;;;12;1;1;-1.8937353;2025-12-30 14:32:00;2026-01-04 02:33:01.270980833;4.0;2025-12-30 14:32:00;4.0
$X3BL125590$;$X3BL125590$;contrat_adex;black;1;30;-0.2465;2.0;8.1;2025-12-30 14:32:00;2026-01-07;0;2026-01-07;True;2;318.0;504;2025-12-30 14:32:00;2024-08-14 13:50:00;503.0;1;0.24324021049373162;0.0;5.0;48.5;1.0;;;;;;;;;12;1;1;-2.9160151;2025-12-30 14:32:00;2026-01-04 02:00:56.291198735;4.0;2025-12-30 14:32:00;4.0
$X3BL125632$;$X3BL125632$;contrat_adex;black;1;30;-0.1462;1.0;6.8;2025-12-30 14:33:00;2026-01-06;0;2026-01-06;True;2;308.0;615;2025-12-30 14:33:00;2024-04-25 14:21:00;614.0;1;0.16394127229554367;0.0;1.0;47.5;1.0;;;;;;;;;12;1;1;-0.70508033;2025-12-30 14:33:00;2026-01-05 07:04:41.059455868;5.0;2025-12-30 14:33:00;5.0
$X3BL125647$;$X3BL125647$;contrat_adex;black;2;30;-0.1126;1.0;8.9;2025-12-29 16:02:00;2026-01-07;0;2026-01-07;False;3;207.66666666666666;322;2025-12-29 16:02:00;2025-02-11 14:20:00;321.0;1;0.4752321262766945;0.0;6.0;65.33333333333333;1.0;;;;;;;;;12;0;1;-0.6382814;2025-12-29 16:02:00;2026-01-06 08:40:52.486610411;7.0;2025-12-29 16:02:00;6.0
$X576087419$;$X576087419$;contrat_adex;magenta;1;30;-0.131;1.0;7.6;2025-12-30 14:32:00;2026-01-07;-8;2026-01-15;False;2;340.0;380;2025-12-30 14:32:00;2025-03-06 14:20:00;299.0;1;0.36532192339038305;0.0;9.0;98.0;1.0;;;;;;;;;12;1;1;-7.480674;2025-12-30 14:32:00;2025-12-30 12:27:49.784545901;0.0;2025-12-30 14:32:00;0.0
$X576087509$;$X576087509$;contrat_adex;yellow;1;30;-0.207;3.0;14.5;2025-12-30 14:32:00;2026-01-14;-11;2026-01-25;False;2;339.5;662;2025-12-30 14:32:00;2024-03-08 21:31:00;661.0;1;0.23613307424283034;0.0;3.0;48.0;1.0;;;;;;;;;12;1;1;-8.447548;2025-12-30 14:32:00;2026-01-05 13:15:31.860351559;5.0;2025-12-30 14:32:00;5.0
$X576097427$;$X576097427$;contrat_adex;magenta;6;31;-0.6738;12.0;17.8;2025-12-30 14:32:00;2026-01-17;-8;2026-01-25;False;7;114.14285714285714;141;2025-12-30 14:32:00;2025-08-26 14:30:00;126.0;1;0.7157556320646449;1.0;9.0;79.14285714285714;1.0;;;;;;;;;12;1;1;-6.4153643;2025-12-30 14:32:00;2026-01-10 14:01:52.527465820;10.0;2025-12-30 14:32:00;10.0
$X576097452$;$X576097452$;contrat_adex;yellow;2;31;-0.1867;2.0;10.7;2025-12-30 14:32:00;2026-01-10;-11;2026-01-21;False;3;268.3333333333333;431;2025-12-30 14:32:00;2024-10-26 14:20:00;430.0;1;0.24799826242133938;0.0;6.0;63.0;1.0;;;;;;;;;12;1;1;-9.141068;2025-12-30 14:32:00;2025-12-31 20:36:51.685180667;1.0;2025-12-30 14:32:00;0.0
$X576097475$;$X576097475$;contrat_adex;black;3;30;-0.3447;1.0;2.9;2025-12-30 14:32:00;2026-01-02;0;2026-01-02;True;4;201.25;406;2025-12-30 14:32:00;2025-08-08 14:30:00;144.0;1;0.38376885712951286;0.0;8.0;69.25;1.0;;;;;;;;;12;1;1;-1.2773063;2025-12-30 14:32:00;2025-12-31 17:20:40.734100341;1.0;2025-12-30 14:32:00;0.0
$X576124182$;$X576124182$;contrat_adex;cyan;1;30;-0.1584;1.0;6.3;2025-12-30 14:32:00;2026-01-05;1;2026-01-04;True;2;336.5;671;2025-12-30 14:32:00;2024-02-29 14:20:00;670.0;1;0.176194479473168;0.0;1.0;49.0;1.0;;;;;;;;;12;1;1;0.48606545;2025-12-30 14:32:00;2026-01-05 11:39:56.054649355;5.0;2025-12-30 14:32:00;5.0
$X576135745$;$X576135745$;contrat_adex;magenta;2;31;-0.8086;1.0;1.2;2025-12-30 14:32:00;2025-12-31;-8;2026-01-08;False;3;135.66666666666666;145;2025-12-30 14:32:00;2025-09-02 14:32:00;119.0;1;0.6441899915182357;1.0;3.0;86.33333333333333;1.0;;;;;;;;;12;1;1;-6.6913624;2025-12-30 14:32:00;2025-12-24 07:24:26.290283208;0.0;2025-12-30 14:32:00;0.0
$X576135787$;$X576135787$;contrat_adex;black;1;466;-0.329;18.0;54.7;2024-10-16 09:00:00;2024-12-10;0;2024-12-10;False;2;125.0;245;2024-10-16 09:00:00;2024-02-14 14:30:00;244.0;1;0.3923766816143498;0.0;8.0;40.5;1.0;;;;;;;;;10;2;42;-1.9891498;2024-10-16 09:00:00;2024-12-08 00:15:37.456512449;52.0;2024-10-16 09:00:00;0.0
$X576135787$;$X576135787$;contrat_adex;cyan;2;449;-0.4142;94.0;226.9;2024-10-16 09:00:00;2025-05-31;1;2025-05-30;False;3;83.33333333333333;218;2024-10-16 09:00:00;2024-10-03 14:30:00;12.0;1;0.5045045045045045;0.0;3.0;34.333333333333336;1.0;;;;;;;;;10;2;42;-1.4251808;2024-10-16 09:00:00;2025-05-29 13:47:44.379501346;225.0;2024-10-16 09:00:00;0.0
$X576135787$;$X576135787$;contrat_adex;magenta;2;449;-0.4142;94.0;226.9;2024-10-16 09:00:00;2025-05-31;-8;2025-06-08;False;3;83.33333333333333;218;2024-10-16 09:00:00;2024-10-03 14:30:00;12.0;1;0.4774774774774775;0.0;3.0;33.0;1.0;;;;;;;;;10;2;42;-6.669549;2024-10-16 09:00:00;2025-05-24 07:55:50.967407226;219.0;2024-10-16 09:00:00;0.0
$X576135787$;$X576135787$;contrat_adex;yellow;1;466;-0.3877;19.0;49.0;2024-10-16 09:00:00;2024-12-04;-11;2024-12-15;False;2;125.0;231;2024-10-16 09:00:00;2024-02-28 14:30:00;230.0;1;0.3968609865470852;0.0;3.0;40.0;1.0;;;;;;;;;10;2;42;-5.160574;2024-10-16 09:00:00;2024-11-28 20:08:46.409912109;43.0;2024-10-16 09:00:00;0.0
$X576135853$;$X576135853$;contrat_adex;magenta;3;31;-0.5211;1.0;1.9;2025-12-30 14:32:00;2026-01-01;-8;2026-01-09;False;4;155.75;252;2025-12-30 14:32:00;2025-09-08 14:30:00;113.0;1;0.7138079311992356;0.0;15.0;97.0;1.0;;;;;;;;;12;1;1;-7.203366;2025-12-30 14:32:00;2025-12-24 19:07:09.194641113;0.0;2025-12-30 14:32:00;0.0
$X576136424$;$X576136424$;contrat_adex;black;2;31;-0.4391;1.0;2.3;2025-12-30 14:32:00;2026-01-01;0;2026-01-01;True;3;212.0;329;2025-12-30 14:32:00;2025-03-21 14:30:00;284.0;1;0.3286026521152379;0.0;8.0;63.666666666666664;1.0;;;;;;;;;12;1;1;-1.4903041;2025-12-30 14:32:00;2025-12-30 12:13:57.724685668;0.0;2025-12-30 14:32:00;0.0
$X576147888$;$X576147888$;contrat_adex;cyan;1;303;-0.2264;64.0;282.7;2025-03-28 12:30:00;2026-01-05;1;2026-01-04;False;2;89.0;158;2025-03-28 12:30:00;2024-10-21 14:30:00;157.0;1;0.20245398773006135;0.0;2.0;16.5;1.0;;;;;;;;;3;4;13;-0.044971637;2025-03-28 12:30:00;2026-01-04 22:55:14.450526239;282.0;2025-03-28 12:30:00;4.0
$X576147888$;$X576147888$;contrat_adex;magenta;1;303;-0.2324;61.0;262.5;2025-03-28 12:30:00;2025-12-16;-8;2025-12-24;False;2;89.0;158;2025-03-28 12:30:00;2024-10-21 14:30:00;157.0;1;0.2152351738241309;0.0;2.0;18.0;1.0;;;;;;;;;3;4;13;-5.6728225;2025-03-28 12:30:00;2025-12-10 07:51:08.138122563;256.0;2025-03-28 12:30:00;0.0
$X576150116$;$X576150116$;contrat_adex;black;0;27;-0.6071;2.0;3.3;2025-12-30 14:32:00;2026-01-02;0;2026-01-02;True;1;27.0;27;2025-12-30 14:32:00;;;0;0.56;0.0;3.0;14.0;1.0;;;;;;;;;12;1;1;-0.94020855;2025-12-30 14:32:00;2026-01-01 01:26:05.980911254;1.0;2025-12-30 14:32:00;1.0
$X576150117$;$X576150117$;contrat_adex;yellow;0;30;-0.1515;1.0;6.6;2025-12-30 14:45:00;2026-01-06;-11;2026-01-17;False;1;195.0;195;2025-12-30 14:45:00;;;0;0.12254901960784313;0.0;1.0;0.0;1.0;;;;;;;;;12;1;1;-9.909188;2025-12-30 14:45:00;2025-12-27 02:10:46.133422856;0.0;2025-12-30 14:45:00;0.0
$X576150150$;$X576150150$;contrat_adex;cyan;0;31;-0.6208;1.0;1.6;2025-12-30 14:32:00;2026-01-01;1;2025-12-31;True;1;165.0;165;2025-12-30 14:32:00;;;0;0.10676691729323308;0.0;5.0;0.0;1.0;;;;;;;;;12;1;1;-10.374602;2025-12-30 14:32:00;2025-12-21 15:00:34.359741208;0.0;2025-12-30 14:32:00;0.0
$X576150150$;$X576150150$;contrat_adex;magenta;0;31;-0.4965;1.0;2.0;2025-12-30 14:32:00;2026-01-01;-8;2026-01-09;False;1;165.0;165;2025-12-30 14:32:00;;;0;0.09172932330827067;0.0;5.0;0.0;1.0;;;;;;;;;12;1;1;-10.89698;2025-12-30 14:32:00;2025-12-21 02:28:20.903320316;0.0;2025-12-30 14:32:00;0.0
$X576150150$;$X576150150$;contrat_adex;yellow;0;31;-0.5185;1.0;1.9;2025-12-30 14:32:00;2026-01-01;-11;2026-01-12;False;1;165.0;165;2025-12-30 14:32:00;;;0;0.08571428571428572;0.0;4.0;0.0;1.0;;;;;;;;;12;1;1;-9.913487;2025-12-30 14:32:00;2025-12-22 02:04:34.685668946;0.0;2025-12-30 14:32:00;0.0
$X576152752$;$X576152752$;contrat_adex;magenta;1;14;-9.6;99.0;10.3;2025-12-17 17:05:00;2025-12-28;-8;2026-01-05;False;2;105.5;210;2025-12-17 17:05:00;2025-12-17 14:35:00;0.0;1;0.18901515151515152;0.0;1.0;11.0;1.0;;;;;;;;;12;2;51;-8.217645;2025-12-17 17:05:00;2025-12-19 18:46:35.498657226;2.0;2025-12-17 17:05:00;0.0
$X576152752$;$X576152752$;contrat_adex;yellow;1;14;-9.6;99.0;10.3;2025-12-17 17:05:00;2025-12-28;-11;2026-01-08;False;2;105.5;210;2025-12-17 17:05:00;2025-12-17 14:35:00;0.0;1;0.125;0.0;0.5;9.0;1.0;;;;;;;;;12;2;51;-11.107941;2025-12-17 17:05:00;2025-12-16 21:24:33.925781253;0.0;2025-12-17 17:05:00;0.0
$X576152758$;$X576152758$;contrat_adex;cyan;1;37;-0.1623;1.0;6.2;2025-12-24 12:30:00;2025-12-30;1;2025-12-29;True;2;209.5;398;2025-12-24 12:30:00;2024-11-21 14:30:00;397.0;1;0.4072342277605435;0.25;2.0;56.5;1.0;;;;;;;;;12;2;52;-1.4708024;2025-12-24 12:30:00;2025-12-28 12:42:02.670364380;4.0;2025-12-24 12:30:00;0.0
$X57H013328$;$X57H013328$;contrat_adex;cyan;0;579;-0.115;28.0;243.4;2024-06-27 14:34:00;2025-02-25;1;2025-02-24;False;1;385.0;385;2024-06-27 14:34:00;;;0;0.13448275862068965;0.0;2.0;0.0;1.0;;;;;;;;;6;3;26;2.3781595;2024-06-27 14:34:00;2025-02-27 09:04:32.982788089;244.0;2024-06-27 14:34:00;0.0
$X57H013328$;$X57H013328$;contrat_adex;magenta;0;579;-0.1973;11.0;55.8;2024-06-27 14:34:00;2024-08-22;-8;2024-08-30;False;1;385.0;385;2024-06-27 14:34:00;;;0;0.19103448275862067;0.0;5.0;0.0;1.0;;;;;;;;;6;3;26;-3.6300871;2024-06-27 14:34:00;2024-08-18 08:52:40.471343994;51.0;2024-06-27 14:34:00;0.0
$X57H013328$;$X57H013328$;contrat_adex;yellow;0;579;-0.1823;22.0;120.7;2024-06-27 14:34:00;2024-10-26;-11;2024-11-06;False;1;385.0;385;2024-06-27 14:34:00;;;0;0.15517241379310345;0.0;3.0;0.0;1.0;;;;;;;;;6;3;26;-2.8909574;2024-06-27 14:34:00;2024-10-23 02:37:01.284484861;117.0;2024-06-27 14:34:00;0.0
$X57H013384$;$X57H013384$;contrat_adex;black;1;579;-0.3986;1.0;2.5;2024-06-27 12:34:00;2024-06-30;0;2024-06-30;True;2;117.0;213;2024-06-27 12:34:00;2023-11-27 14:34:00;212.0;1;0.5951388888888889;0.0;7.0;49.0;1.0;;;;;;;;;6;3;26;-3.2661748;2024-06-27 12:34:00;2024-06-26 17:36:42.497863771;0.0;2024-06-27 12:34:00;0.0
$X57H013384$;$X57H013384$;contrat_adex;cyan;1;579;-0.703;45.0;64.0;2024-06-27 12:34:00;2024-08-30;1;2024-08-29;False;2;192.0;244;2024-06-27 12:34:00;2024-02-08 14:34:00;139.0;1;0.5174825174825175;0.0;8.0;27.5;1.0;;;;;;;;;6;3;26;-1.9739776;2024-06-27 12:34:00;2024-08-28 00:37:28.338317870;61.0;2024-06-27 12:34:00;0.0
$X57H013384$;$X57H013384$;contrat_adex;magenta;1;579;-0.6057;45.0;74.3;2024-06-27 12:34:00;2024-09-09;-8;2024-09-17;False;2;192.0;249;2024-06-27 12:34:00;2024-02-13 14:34:00;134.0;1;0.5072261072261072;0.0;7.0;27.0;1.0;;;;;;;;;6;3;26;-5.134561;2024-06-27 12:34:00;2024-09-03 20:46:13.924255374;68.0;2024-06-27 12:34:00;0.0
$X6GN007907$;$X6GN007907$;contrat_adex;cyan;1;289;-0.1223;26.0;212.6;2025-04-09 16:33:00;2025-11-08;1;2025-11-07;False;2;396.5;741;2025-04-09 16:33:00;2023-03-31 11:46:00;740.0;1;0.14961278629098698;0.0;1.0;36.5;1.0;;;;;;;;;4;2;15;-0.30851644;2025-04-09 16:33:00;2025-11-07 16:35:44.179344180;212.0;2025-04-09 16:33:00;0.0
$X6GN007907$;$X6GN007907$;contrat_adex;magenta;1;289;-0.1531;30.0;196.0;2025-04-09 16:33:00;2025-10-22;-8;2025-10-30;False;2;396.5;758;2025-04-09 16:33:00;2023-03-14 13:43:00;757.0;1;0.15630214692714695;0.0;2.0;34.5;1.0;;;;;;;;;4;2;15;-7.1798425;2025-04-09 16:33:00;2025-10-14 19:41:01.610412600;188.0;2025-04-09 16:33:00;0.0
$X6GN008216$;$X6GN008216$;contrat_adex;black;1;358;-1.106;89.0;80.5;2025-01-03 09:13:00;2025-03-24;0;2025-03-24;False;2;338.5;581;2025-01-03 09:13:00;2023-06-02 14:36:00;580.0;1;0.02459016393442623;0.0;1.0;5.0;1.0;;;;;;;;;1;4;1;-1.7282572;2025-01-03 09:13:00;2025-03-22 06:31:18.579711911;77.0;2025-01-03 09:13:00;0.0
$X6GN008216$;$X6GN008216$;contrat_adex;cyan;1;358;-2.212;86.0;38.9;2025-01-03 09:13:00;2025-02-11;1;2025-02-10;False;2;338.0;535;2025-01-03 09:13:00;2023-07-18 14:26:00;534.0;1;0.028530895334174022;0.0;1.0;7.0;1.0;;;;;;;;;1;4;1;1.0508235;2025-01-03 09:13:00;2025-02-12 01:13:11.146087646;39.0;2025-01-03 09:13:00;0.0
$X6GN008216$;$X6GN008216$;contrat_adex;yellow;1;358;-1.106;92.0;83.2;2025-01-03 09:13:00;2025-03-27;-11;2025-04-07;False;2;338.0;535;2025-01-03 09:13:00;2023-07-18 14:26:00;534.0;1;0.029213955443463637;0.0;1.0;4.0;1.0;;;;;;;;;1;4;1;-9.450246;2025-01-03 09:13:00;2025-03-17 13:11:38.757934568;73.0;2025-01-03 09:13:00;0.0
$X6GN008221$;$X6GN008221$;contrat_adex;black;0;326;-0.114;11.0;96.5;2025-03-03 11:21:00;2025-06-07;0;2025-06-07;False;1;338.0;338;2025-03-03 11:21:00;;;0;0.08242313242313241;0.0;1.0;0.0;1.0;;;;;;;;;3;0;10;-2.561916;2025-03-03 11:21:00;2025-06-04 10:30:50.447845458;92.0;2025-03-03 11:21:00;0.0
$X6GN008221$;$X6GN008221$;contrat_adex;cyan;1;326;-0.3387;86.0;253.9;2025-03-03 11:21:00;2025-11-12;1;2025-11-11;False;2;153.5;276;2025-03-03 11:21:00;2025-01-31 14:29:00;30.0;1;0.18011433011433012;0.0;1.0;5.0;1.0;;;;;;;;;3;0;10;0.36551124;2025-03-03 11:21:00;2025-11-12 08:46:20.171012880;253.0;2025-03-03 11:21:00;0.0
$X6GN008221$;$X6GN008221$;contrat_adex;magenta;1;326;-0.2708;89.0;300.0;2025-03-03 11:21:00;2025-12-28;-8;2026-01-05;False;2;153.5;276;2025-03-03 11:21:00;2025-01-31 14:29:00;30.0;1;0.24995559995559996;0.0;2.0;4.0;1.0;;;;;;;;;3;0;10;-7.266851;2025-03-03 11:21:00;2025-12-20 17:35:44.078063969;292.0;2025-03-03 11:21:00;0.0
$X6GN008367$;$X6GN008367$;contrat_adex;cyan;5;29;-0.205;1.0;4.9;2025-12-30 14:18:00;2026-01-04;1;2026-01-03;True;6;110.66666666666667;145;2025-12-30 14:18:00;2025-09-12 14:18:00;109.0;1;1.0017489711934155;1.0;9.0;90.83333333333333;1.0;;;;;;;;;12;1;1;1.0285702;2025-12-30 14:18:00;2026-01-05 00:41:08.463134765;5.0;2025-12-30 14:18:00;5.0
$X6GN008969$;$X6GN008969$;contrat_adex;black;1;353;-0.2327;92.0;300.0;2025-02-05 15:34:00;2025-12-02;0;2025-12-02;False;2;365.0;682;2025-02-05 15:34:00;2024-12-20 14:34:00;47.0;1;0.14796475358702432;0.0;1.0;46.5;1.0;;;;;;;;;2;2;6;0.6591686;2025-02-05 15:34:00;2025-12-02 15:49:12.167129519;300.0;2025-02-05 15:34:00;0.0
$X6GN008969$;$X6GN008969$;contrat_adex;cyan;2;353;-0.2888;88.0;300.0;2025-02-05 15:34:00;2025-12-02;1;2025-12-01;False;3;243.0;623;2025-02-05 15:34:00;2024-12-20 14:34:00;47.0;1;0.15844795248515162;0.0;1.0;36.0;1.0;;;;;;;;;2;2;6;0.77843255;2025-02-05 15:34:00;2025-12-02 18:40:56.572151183;300.0;2025-02-05 15:34:00;0.0
$X6GN009498$;$X6GN009498$;contrat_adex;black;3;371;-0.1746;43.0;246.3;2025-01-13 14:23:00;2025-09-16;0;2025-09-16;False;4;159.75;264;2025-01-13 14:23:00;2024-04-24 14:33:00;263.0;1;0.3189845474613687;0.0;2.0;52.75;1.0;;;;;;;;;1;0;3;-0.08255466;2025-01-13 14:23:00;2025-09-15 22:01:07.277312281;245.0;2025-01-13 14:23:00;0.0
$X6GN009498$;$X6GN009498$;contrat_adex;cyan;1;371;-0.1335;5.0;37.5;2025-01-13 14:23:00;2025-02-20;1;2025-02-19;False;2;319.5;541;2025-01-13 14:23:00;2023-07-22 14:33:00;540.0;1;0.20044052863436124;0.0;10.0;47.0;1.0;;;;;;;;;1;0;3;0.004535568;2025-01-13 14:23:00;2025-02-20 00:06:31.873070594;37.0;2025-01-13 14:23:00;0.0
$X6GN009498$;$X6GN009498$;contrat_adex;magenta;2;371;-0.1222;94.0;300.0;2025-01-13 14:23:00;2025-11-09;-8;2025-11-17;False;3;201.33333333333334;485;2025-01-13 14:23:00;2024-12-20 14:33:00;23.0;1;0.1905286343612335;0.0;3.0;32.333333333333336;1.0;;;;;;;;;1;0;3;-6.3917556;2025-01-13 14:23:00;2025-11-02 14:35:52.317810059;293.0;2025-01-13 14:23:00;0.0
$X6GN009511$;$X6GN009511$;contrat_adex;cyan;1;371;-0.1094;34.0;300.0;2025-01-13 14:23:00;2025-11-09;1;2025-11-08;False;2;319.5;471;2025-01-13 14:23:00;2023-09-30 14:33:00;470.0;1;0.13596491228070176;0.0;5.0;32.5;1.0;;;;;;;;;1;0;3;-2.8159664;2025-01-13 14:23:00;2025-11-06 04:25:00.505828854;296.0;2025-01-13 14:23:00;0.0
$X6GN009511$;$X6GN009511$;contrat_adex;magenta;2;371;-0.1178;69.0;300.0;2025-01-13 14:23:00;2025-11-09;-8;2025-11-17;False;3;213.0;432;2025-01-13 14:23:00;2024-07-22 14:33:00;174.0;1;0.17105263157894737;0.0;4.0;37.0;1.0;;;;;;;;;1;0;3;-7.9521255;2025-01-13 14:23:00;2025-11-01 01:08:56.352539064;291.0;2025-01-13 14:23:00;0.0
$X6GN009512$;$X6GN009512$;contrat_adex;black;1;371;-0.1496;9.0;60.2;2025-01-13 14:23:00;2025-03-14;0;2025-03-14;False;2;320.0;568;2025-01-13 14:23:00;2023-06-26 12:33:00;567.0;1;0.1693548387096774;0.0;2.0;45.0;1.0;;;;;;;;;1;0;3;-4.4538465;2025-01-13 14:23:00;2025-03-09 13:06:27.666320798;54.0;2025-01-13 14:23:00;0.0
$X6GN009512$;$X6GN009512$;contrat_adex;cyan;2;371;-0.1246;92.0;300.0;2025-01-13 14:23:00;2025-11-09;1;2025-11-08;False;3;201.33333333333334;548;2025-01-13 14:23:00;2024-12-20 14:33:00;23.0;1;0.16129032258064516;0.0;5.0;29.666666666666668;1.0;;;;;;;;;1;0;3;-0.39779094;2025-01-13 14:23:00;2025-11-08 14:27:10.862903595;299.0;2025-01-13 14:23:00;0.0
$X6GN009512$;$X6GN009512$;contrat_adex;magenta;1;371;-0.1283;27.0;210.4;2025-01-13 14:23:00;2025-08-11;-8;2025-08-19;False;2;298.5;494;2025-01-13 14:23:00;2023-09-07 14:33:00;493.0;1;0.17626728110599077;0.0;2.0;35.5;1.0;;;;;;;;;1;0;3;-7.8846045;2025-01-13 14:23:00;2025-08-03 02:46:10.175170901;201.0;2025-01-13 14:23:00;0.0
$X6GN013504$;$X6GN013504$;contrat_adex;yellow;1;123;-0.1297;16.0;123.4;2025-09-05 10:19:00;2026-01-06;-11;2026-01-17;False;2;466.5;854;2025-09-05 10:19:00;2023-05-05 14:31:00;853.0;1;0.07281403940886699;0.0;2.0;41.5;1.0;;;;;;;;;9;4;36;-10.508096;2025-09-05 10:19:00;2025-12-26 11:48:20.527954100;112.0;2025-09-05 10:19:00;0.0
$X6GN015789$;$X6GN015789$;contrat_adex;yellow;1;92;-0.1157;7.0;60.5;2025-10-29 16:34:00;2025-12-29;-11;2026-01-09;False;2;486.0;917;2025-10-29 16:34:00;2023-04-27 14:34:00;916.0;1;0.13898684997011357;0.0;3.0;45.5;1.0;;;;;;;;;10;2;44;-8.958431;2025-10-29 16:34:00;2025-12-20 00:59:51.540527343;51.0;2025-10-29 16:34:00;0.0
$X6GN022942$;$X6GN022942$;contrat_adex;black;5;30;-1.5786;1.0;0.6;2025-12-30 14:43:00;2025-12-31;0;2025-12-31;True;6;94.83333333333333;330;2025-12-30 14:43:00;2025-10-29 14:43:00;62.0;1;0.9686971235194586;1.0;10.0;80.5;1.0;;;;;;;;;12;1;1;0.2085841;2025-12-30 14:43:00;2025-12-31 05:00:21.666240691;0.0;2025-12-30 14:43:00;0.0
$X74R003814$;$X74R003814$;contrat_adex;magenta;2;30;-0.1176;2.0;17.0;2025-12-30 14:24:00;2026-01-16;-8;2026-01-24;False;3;352.3333333333333;420;2025-12-30 14:24:00;2024-11-20 14:15:00;405.0;1;0.2585557299843014;0.0;12.0;83.66666666666667;1.0;;;;;;;;;12;1;1;-8.849444;2025-12-30 14:24:00;2026-01-07 03:36:48.004760739;7.0;2025-12-30 14:24:00;7.0
$X74R003821$;$X74R003821$;contrat_adex;cyan;1;126;-0.2712;8.0;29.5;2025-09-12 17:02:00;2025-10-12;1;2025-10-11;False;2;474.0;899;2025-09-12 17:02:00;2023-03-29 14:35:00;898.0;1;0.5258896151053014;0.0;9.0;60.5;1.0;;;;;;;;;9;4;37;-0.543677;2025-09-12 17:02:00;2025-10-11 10:57:06.309585574;28.0;2025-09-12 17:02:00;0.0
$X74R003821$;$X74R003821$;contrat_adex;magenta;1;126;-0.1943;3.0;15.4;2025-09-12 17:02:00;2025-09-28;-8;2025-10-06;False;2;474.5;869;2025-09-12 17:02:00;2023-04-28 14:35:00;868.0;1;0.47017066085693543;0.0;9.0;70.5;1.0;;;;;;;;;9;4;37;-8.884576;2025-09-12 17:02:00;2025-09-19 02:46:12.647094730;6.0;2025-09-12 17:02:00;0.0
$X74R003821$;$X74R003821$;contrat_adex;yellow;1;126;-0.1694;8.0;47.2;2025-09-12 17:02:00;2025-10-29;-11;2025-11-09;False;2;463.0;845;2025-09-12 17:02:00;2023-05-22 14:35:00;844.0;1;0.45955988455988456;0.0;10.0;66.0;1.0;;;;;;;;;9;4;37;-10.711154;2025-09-12 17:02:00;2025-10-18 06:55:56.295776370;35.0;2025-09-12 17:02:00;0.0
$X75G003015$;$X75G003015$;contrat_adex;black;2;31;-1.3226;1.0;0.8;2025-12-30 14:34:00;2025-12-31;0;2025-12-31;True;3;112.33333333333333;142;2025-12-30 14:34:00;2025-10-16 14:34:00;75.0;1;0.8888888888888888;0.0;9.0;99.0;1.0;;;;;;;;;12;1;1;-0.7899251;2025-12-30 14:34:00;2025-12-30 05:02:30.471496582;0.0;2025-12-30 14:34:00;0.0
$X75G003015$;$X75G003015$;contrat_adex;magenta;2;31;-1.0669;6.0;5.6;2025-12-30 14:34:00;2026-01-05;-8;2026-01-13;False;3;112.33333333333333;161;2025-12-30 14:34:00;2025-10-01 14:34:00;90.0;1;0.8626543209876543;0.0;9.0;95.66666666666667;1.0;;;;;;;;;12;1;1;-7.0007386;2025-12-30 14:34:00;2025-12-28 23:58:56.183166501;0.0;2025-12-30 14:34:00;0.0
$XAUV000003$;$XAUV000003$;contrat_adex;yellow;0;247;-0.1318;6.0;45.5;2025-05-20 17:43:00;2025-07-05;-11;2025-07-16;False;1;397.0;397;2025-05-20 17:43:00;;;0;0.2334295201201676;0.0;2.0;64.0;1.0;;;;;;;;;5;1;21;0.9656601;2025-05-20 17:43:00;2025-07-05 23:10:33.032226558;46.0;2025-05-20 17:43:00;0.0
$XAUV000031$;$XAUV000031$;contrat_adex;black;6;31;-2.5113;11.0;4.4;2025-12-30 14:33:00;2026-01-03;0;2026-01-03;True;7;111.0;230;2025-12-30 14:33:00;2025-11-22 14:33:00;38.0;1;0.8942969518190758;0.0;27.0;85.85714285714286;1.0;;;;;;;;;12;1;1;-0.06686841;2025-12-30 14:33:00;2026-01-02 22:23:42.569417956;3.0;2025-12-30 14:33:00;2.0
$XAUV000031$;$XAUV000031$;contrat_adex;magenta;2;31;-0.4734;8.0;16.9;2025-12-30 14:33:00;2026-01-16;-8;2026-01-24;False;3;259.0;315;2025-12-30 14:33:00;2025-05-21 14:33:00;223.0;1;0.39604685212298685;0.0;22.0;93.33333333333333;1.0;;;;;;;;;12;1;1;-6.832518;2025-12-30 14:33:00;2026-01-09 04:01:10.436096194;9.0;2025-12-30 14:33:00;9.0
$XAUV000033$;$XAUV000033$;contrat_adex;black;0;219;-0.5714;60.0;105.0;2025-06-23 09:45:00;2025-10-06;0;2025-10-06;False;1;73.0;73;2025-06-23 09:45:00;;;0;0.5755555555555555;0.0;3.0;35.0;1.0;;;;;;;;;6;0;26;-2.5889964;2025-06-23 09:45:00;2025-10-03 09:51:50.710144041;102.0;2025-06-23 09:45:00;0.0
$XAUV000033$;$XAUV000033$;contrat_adex;yellow;0;219;-0.2498;41.0;164.1;2025-06-23 09:45:00;2025-12-04;-11;2025-12-15;False;1;73.0;73;2025-06-23 09:45:00;;;0;0.32666666666666666;0.0;4.0;21.0;1.0;;;;;;;;;6;0;26;-10.915239;2025-06-23 09:45:00;2025-11-23 02:02:03.321533208;152.0;2025-06-23 09:45:00;0.0
$XAUV000300$;$XAUV000300$;contrat_adex;black;3;580;-1.5723;42.0;26.7;2024-06-25 13:04:00;2024-07-22;0;2024-07-22;False;4;52.75;84;2024-06-25 13:04:00;2024-05-22 14:34:00;33.0;1;1.6510582010582011;1.0;8.0;63.75;1.0;;;;;;;;;6;1;26;-0.2593637;2024-06-25 13:04:00;2024-07-21 17:46:30.975379943;26.0;2024-06-25 13:04:00;0.0
$XAUV000300$;$XAUV000300$;contrat_adex;cyan;2;577;-0.6606;82.0;124.1;2024-06-25 13:04:00;2024-10-27;1;2024-10-26;False;3;70.33333333333333;176;2024-06-25 13:04:00;2024-05-30 14:34:00;25.0;1;0.6968503937007874;1.0;5.0;39.0;1.0;;;;;;;;;6;1;26;-0.12539794;2024-06-25 13:04:00;2024-10-26 20:59:25.618371962;123.0;2024-06-25 13:04:00;0.0
$XAUV000300$;$XAUV000300$;contrat_adex;magenta;1;580;-0.5788;3.0;5.2;2024-06-25 13:04:00;2024-06-30;-8;2024-07-08;False;2;105.5;189;2024-06-25 13:04:00;2023-12-19 14:34:00;188.0;1;0.6825520833333333;0.75;4.0;55.5;1.0;;;;;;;;;6;1;26;-5.869844;2024-06-25 13:04:00;2024-06-24 03:07:25.481872563;0.0;2024-06-25 13:04:00;0.0
$XAUV000300$;$XAUV000300$;contrat_adex;yellow;2;577;-0.6772;81.0;119.6;2024-06-25 13:04:00;2024-10-23;-11;2024-11-03;False;3;70.33333333333333;176;2024-06-25 13:04:00;2024-05-30 14:34:00;25.0;1;0.7519685039370079;0.5;4.0;40.0;1.0;;;;;;;;;6;1;26;-9.099345;2024-06-25 13:04:00;2024-10-13 21:36:56.574096676;110.0;2024-06-25 13:04:00;0.0
$XAUV000804$;$XAUV000804$;contrat_adex;cyan;3;31;-0.427;1.0;2.3;2025-12-30 14:42:00;2026-01-01;1;2025-12-31;True;4;202.25;359;2025-12-30 14:42:00;2025-09-18 14:42:00;103.0;1;0.3747863247863248;0.0;14.0;75.25;1.0;;;;;;;;;12;1;1;0.0640573;2025-12-30 14:42:00;2026-01-01 01:32:14.550547597;1.0;2025-12-30 14:42:00;1.0
$XAUV000804$;$XAUV000804$;contrat_adex;yellow;3;31;-0.8105;15.0;18.5;2025-12-30 14:42:00;2026-01-18;-11;2026-01-29;False;4;202.5;371;2025-12-30 14:42:00;2025-09-23 14:42:00;98.0;1;0.3658119658119658;0.0;12.0;73.25;1.0;;;;;;;;;12;1;1;-10.2342205;2025-12-30 14:42:00;2026-01-07 18:22:43.348388676;8.0;2025-12-30 14:42:00;7.0
$XAUV001456$;$XAUV001456$;contrat_adex;yellow;3;31;-0.1129;1.0;8.9;2025-12-30 14:32:00;2026-01-08;-11;2026-01-19;False;4;201.25;420;2025-12-30 14:32:00;2024-11-06 14:20:00;419.0;1;0.3473602598067648;0.0;14.0;69.0;1.0;;;;;;;;;12;1;1;-10.782618;2025-12-30 14:32:00;2025-12-28 05:13:01.842041018;0.0;2025-12-30 14:32:00;0.0
$XAUV001493$;$XAUV001493$;contrat_adex;yellow;5;31;-0.6033;11.0;18.2;2025-12-30 14:32:00;2026-01-17;-11;2026-01-28;False;6;92.0;137;2025-12-30 14:32:00;2025-09-09 14:30:00;112.0;1;1.041961338991042;0.0;61.0;82.5;1.0;;;;;;;;;12;1;1;-10.659553;2025-12-30 14:32:00;2026-01-06 08:10:14.657592775;6.0;2025-12-30 14:32:00;6.0
$XAUV002416$;$XAUV002416$;contrat_adex;magenta;3;31;-0.3153;1.0;3.2;2025-12-30 14:32:00;2026-01-02;-8;2026-01-10;False;4;199.25;315;2025-12-30 14:32:00;2025-02-19 14:20:00;314.0;1;0.39420375787282264;0.0;5.0;73.5;1.0;;;;;;;;;12;1;1;-6.346926;2025-12-30 14:32:00;2025-12-26 15:40:25.575256347;0.0;2025-12-30 14:32:00;0.0
$XAUV003628$;$XAUV003628$;contrat_adex;magenta;1;30;-0.2068;3.0;14.5;2025-12-30 14:18:00;2026-01-14;-8;2026-01-22;False;2;302.0;400;2025-12-30 14:18:00;2024-11-25 14:33:00;399.0;1;0.19518382851716184;0.0;4.0;44.0;1.0;;;;;;;;;12;1;1;-8.288444;2025-12-30 14:18:00;2026-01-05 17:04:38.475952145;6.0;2025-12-30 14:18:00;5.0
$XAUV003850$;$XAUV003850$;contrat_adex;magenta;1;15;-0.1964;1.0;5.1;2025-12-30 14:21:00;2026-01-04;-8;2026-01-12;False;2;59.0;89;2025-12-30 14:21:00;2025-10-03 13:00:00;88.0;1;0.8532608695652174;0.25;4.0;48.5;1.0;;;;;;;;;12;1;1;-6.9964066;2025-12-30 14:21:00;2025-12-28 00:05:10.473632811;0.0;2025-12-30 14:21:00;0.0
$XAUV003850$;$XAUV003850$;contrat_adex;yellow;1;15;-0.3393;1.0;2.9;2025-12-30 14:21:00;2026-01-02;-11;2026-01-13;False;2;59.0;89;2025-12-30 14:21:00;2025-10-03 13:00:00;88.0;1;0.842391304347826;0.0;5.0;48.5;1.0;;;;;;;;;12;1;1;-8.086669;2025-12-30 14:21:00;2025-12-24 21:55:11.801147460;0.0;2025-12-30 14:21:00;0.0
$XAUV004214$;$XAUV004214$;contrat_adex;yellow;2;31;-0.1992;4.0;20.1;2025-12-30 14:42:00;2026-01-19;-11;2026-01-30;False;3;224.66666666666666;288;2025-12-30 14:42:00;2025-04-11 14:42:00;263.0;1;0.33541992696922274;0.0;4.0;64.33333333333333;1.0;;;;;;;;;12;1;1;-8.181858;2025-12-30 14:42:00;2026-01-10 19:38:07.463378910;11.0;2025-12-30 14:42:00;10.0
$XAUV004806$;$XAUV004806$;contrat_adex;cyan;2;31;-0.4383;1.0;2.3;2025-12-30 14:32:00;2026-01-01;1;2025-12-31;True;3;226.33333333333334;325;2025-12-30 14:32:00;2025-04-05 14:30:00;269.0;1;0.349827711825887;0.0;3.0;65.33333333333333;1.0;;;;;;;;;12;1;1;-0.9255691;2025-12-30 14:32:00;2025-12-31 01:47:10.828285222;0.0;2025-12-30 14:32:00;0.0
$XAUV004806$;$XAUV004806$;contrat_adex;yellow;2;31;-0.1101;1.0;9.1;2025-12-30 14:32:00;2026-01-08;-11;2026-01-19;False;3;226.66666666666666;319;2025-12-30 14:32:00;2025-03-25 14:30:00;280.0;1;0.33576141012272404;0.0;4.0;64.0;1.0;;;;;;;;;12;1;1;-9.051052;2025-12-30 14:32:00;2025-12-29 22:46:29.099121091;0.0;2025-12-30 14:32:00;0.0
$XAUV005148$;$XAUV005148$;contrat_adex;yellow;4;30;-0.4056;1.0;2.5;2025-12-30 14:11:00;2026-01-02;-11;2026-01-13;False;5;147.2;195;2025-12-30 14:11:00;2025-07-24 13:21:00;159.0;1;0.6040610398647976;0.0;11.0;77.8;1.0;;;;;;;;;12;1;1;-9.877655;2025-12-30 14:11:00;2025-12-23 02:56:10.605468748;0.0;2025-12-30 14:11:00;0.0
$XAUV005157$;$XAUV005157$;contrat_adex;yellow;2;30;-0.1032;1.0;9.7;2025-12-30 14:03:00;2026-01-09;-11;2026-01-20;False;3;218.33333333333334;316;2025-12-30 14:03:00;2025-03-11 14:28:00;293.0;1;0.3566265060240964;0.0;3.0;65.33333333333333;1.0;;;;;;;;;12;1;1;-9.829805;2025-12-30 14:03:00;2025-12-30 04:05:04.815673829;0.0;2025-12-30 14:03:00;0.0
$XAUV005166$;$XAUV005166$;contrat_adex;black;1;476;-0.1652;88.0;300.0;2024-10-06 08:59:00;2025-08-02;0;2025-08-02;False;2;64.0;68;2024-10-06 08:59:00;2024-08-07 12:29:00;59.0;1;0.11224489795918367;0.0;1.0;4.0;1.0;;;;;;;;;10;6;40;-1.2186226;2024-10-06 08:59:00;2025-07-31 18:45:11.010360716;298.0;2024-10-06 08:59:00;0.0
$XAUV005166$;$XAUV005166$;contrat_adex;magenta;0;476;-0.1917;1.0;5.2;2024-10-06 08:59:00;2024-10-11;-8;2024-10-19;False;1;147.0;147;2024-10-06 08:59:00;;;0;0.08843537414965985;0.0;1.0;0.0;1.0;;;;;;;;;10;6;40;-9.447222;2024-10-06 08:59:00;2024-10-01 13:16:00.040283208;0.0;2024-10-06 08:59:00;0.0
$XAUV005166$;$XAUV005166$;contrat_adex;yellow;1;476;-0.3462;83.0;239.7;2024-10-06 08:59:00;2025-06-03;-11;2025-06-14;False;2;64.0;68;2024-10-06 08:59:00;2024-08-07 12:29:00;59.0;1;0.17006802721088438;0.0;2.0;7.0;1.0;;;;;;;;;10;6;40;-9.292406;2024-10-06 08:59:00;2025-05-24 16:58:56.114501955;230.0;2024-10-06 08:59:00;0.0
$XAUV005400$;$XAUV005400$;contrat_adex;magenta;2;31;-0.1339;1.0;7.5;2025-12-30 14:32:00;2026-01-07;-8;2026-01-15;False;3;224.33333333333334;276;2025-12-30 14:32:00;2025-04-03 14:30:00;271.0;1;0.35572112377928516;0.0;6.0;64.66666666666667;1.0;;;;;;;;;12;1;1;-8.416463;2025-12-30 14:32:00;2025-12-29 14:00:17.605590820;0.0;2025-12-30 14:32:00;0.0
$XAUV005400$;$XAUV005400$;contrat_adex;yellow;2;31;-0.2306;1.0;4.3;2025-12-30 14:32:00;2026-01-03;-11;2026-01-14;False;3;224.33333333333334;276;2025-12-30 14:32:00;2025-04-03 14:30:00;271.0;1;0.3524266540214007;0.0;5.0;64.33333333333333;1.0;;;;;;;;;12;1;1;-8.972404;2025-12-30 14:32:00;2025-12-25 00:39:44.335327145;0.0;2025-12-30 14:32:00;0.0
$XAUV005424$;$XAUV005424$;contrat_adex;yellow;2;31;-0.2681;3.0;11.2;2025-12-30 14:32:00;2026-01-10;-11;2026-01-21;False;3;230.0;312;2025-12-30 14:32:00;2025-04-07 14:30:00;267.0;1;0.3469214843127887;0.0;9.0;63.666666666666664;1.0;;;;;;;;;12;1;1;-6.8223453;2025-12-30 14:32:00;2026-01-03 04:15:49.369812014;3.0;2025-12-30 14:32:00;3.0
$XAUV005434$;$XAUV005434$;contrat_adex;magenta;1;31;-0.1524;2.0;13.1;2025-12-30 14:32:00;2026-01-12;-8;2026-01-20;False;2;346.0;617;2025-12-30 14:32:00;2024-04-23 14:20:00;616.0;1;0.19332714324003522;0.0;5.0;48.5;1.0;;;;;;;;;12;1;1;-6.7488813;2025-12-30 14:32:00;2026-01-05 06:01:36.652221676;5.0;2025-12-30 14:32:00;5.0
$XAUV005830$;$XAUV005830$;contrat_adex;black;1;358;-0.4191;85.0;202.8;2025-02-01 10:48:00;2025-08-23;0;2025-08-23;False;2;40.0;45;2025-02-01 10:48:00;2024-12-18 14:28:00;44.0;1;0.4935064935064935;0.0;11.0;7.0;1.0;;;;;;;;;2;5;5;-0.36097488;2025-02-01 10:48:00;2025-08-22 15:20:11.770534519;202.0;2025-02-01 10:48:00;0.0
$XAUV005830$;$XAUV005830$;contrat_adex;cyan;0;358;-0.2391;1.0;4.2;2025-02-01 10:48:00;2025-02-05;1;2025-02-04;True;1;80.0;80;2025-02-01 10:48:00;;;0;0.3717948717948718;0.0;3.0;0.0;1.0;;;;;;;;;2;5;5;-1.6318289;2025-02-01 10:48:00;2025-02-03 08:50:09.982681276;1.0;2025-02-01 10:48:00;0.0
$XAUV005830$;$XAUV005830$;contrat_adex;magenta;0;358;-0.3754;1.0;2.7;2025-02-01 10:48:00;2025-02-04;-8;2025-02-12;False;1;80.0;80;2025-02-01 10:48:00;;;0;0.358974358974359;0.0;4.0;0.0;1.0;;;;;;;;;2;5;5;-7.28375;2025-02-01 10:48:00;2025-01-27 17:11:23.995056149;0.0;2025-02-01 10:48:00;0.0
$XAUV005830$;$XAUV005830$;contrat_adex;yellow;0;358;-0.4041;3.0;7.4;2025-02-01 10:48:00;2025-02-08;-11;2025-02-19;False;1;80.0;80;2025-02-01 10:48:00;;;0;0.32051282051282054;0.0;2.0;0.0;1.0;;;;;;;;;2;5;5;-7.918029;2025-02-01 10:48:00;2025-01-31 01:58:02.308959964;0.0;2025-02-01 10:48:00;0.0
$XAUV005831$;$XAUV005831$;contrat_adex;black;1;358;-0.4017;87.0;216.6;2025-02-01 10:48:00;2025-09-06;0;2025-09-06;False;2;40.0;47;2025-02-01 10:48:00;2024-12-30 14:28:00;32.0;1;0.4155844155844156;0.0;3.0;6.0;1.0;;;;;;;;;2;5;5;-2.3090086;2025-02-01 10:48:00;2025-09-03 16:35:01.657104496;214.0;2025-02-01 10:48:00;0.0
$XAUV005831$;$XAUV005831$;contrat_adex;magenta;0;358;-0.1071;1.0;9.3;2025-02-01 10:48:00;2025-02-10;-8;2025-02-18;False;1;80.0;80;2025-02-01 10:48:00;;;0;0.32051282051282054;0.0;2.0;0.0;1.0;;;;;;;;;2;5;5;-8.396116;2025-02-01 10:48:00;2025-02-01 14:29:35.555419920;0.0;2025-02-01 10:48:00;0.0
$XAUV006175$;$XAUV006175$;contrat_adex;black;1;104;-0.329;26.0;79.0;2025-10-16 17:44:00;2026-01-03;0;2026-01-03;False;2;197.0;347;2025-10-16 17:44:00;2024-11-04 14:44:00;346.0;1;0.368026418026418;0.0;3.0;49.5;1.0;;;;;;;;;10;3;42;-0.5720859;2025-10-16 17:44:00;2026-01-02 10:16:11.776771546;77.0;2025-10-16 17:44:00;2.0
$XAUV006175$;$XAUV006175$;contrat_adex;cyan;1;104;-0.5246;4.0;7.6;2025-10-16 17:44:00;2025-10-24;1;2025-10-23;True;2;199.0;303;2025-10-16 17:44:00;2024-12-18 14:14:00;302.0;1;0.4552164323132065;0.2;2.0;63.0;1.0;;;;;;;;;10;3;42;-0.018967133;2025-10-16 17:44:00;2025-10-23 23:32:41.239707470;7.0;2025-10-16 17:44:00;0.0
$XAUV006201$;$XAUV006201$;contrat_adex;yellow;1;30;-0.1056;1.0;9.5;2025-12-30 14:30:00;2026-01-09;-11;2026-01-20;False;2;320.5;511;2025-12-30 14:30:00;2024-08-07 14:20:00;510.0;1;0.20637154643463793;0.0;2.0;48.0;1.0;;;;;;;;;12;1;1;-7.5286202;2025-12-30 14:30:00;2026-01-01 11:18:47.210998536;1.0;2025-12-30 14:30:00;1.0
$XAUV006210$;$XAUV006210$;contrat_adex;black;1;351;-0.185;94.0;300.0;2025-02-06 16:12:00;2025-12-03;0;2025-12-03;False;2;61.0;93;2025-02-06 16:12:00;2025-01-09 14:42:00;28.0;1;0.35177733065057004;0.0;3.0;17.0;1.0;;;;;;;;;2;3;6;-1.9533901;2025-02-06 16:12:00;2025-12-01 01:07:07.093505856;297.0;2025-02-06 16:12:00;0.0
$XAUV006210$;$XAUV006210$;contrat_adex;cyan;0;352;-0.1589;16.0;100.7;2025-02-06 16:12:00;2025-05-18;1;2025-05-17;False;1;122.0;122;2025-02-06 16:12:00;;;0;0.17906746031746032;0.0;1.0;17.0;1.0;;;;;;;;;2;3;6;-2.093414;2025-02-06 16:12:00;2025-05-15 21:45:29.024505620;98.0;2025-02-06 16:12:00;0.0
$XAUV006210$;$XAUV006210$;contrat_adex;magenta;0;352;-0.1093;15.0;137.3;2025-02-06 16:12:00;2025-06-23;-8;2025-07-01;False;1;122.0;122;2025-02-06 16:12:00;;;0;0.17212301587301587;0.0;1.0;16.0;1.0;;;;;;;;;2;3;6;-4.036293;2025-02-06 16:12:00;2025-06-18 23:07:44.282226559;132.0;2025-02-06 16:12:00;0.0
$XAUV006210$;$XAUV006210$;contrat_adex;yellow;0;352;-0.126;13.0;103.2;2025-02-06 16:12:00;2025-05-20;-11;2025-05-31;False;1;122.0;122;2025-02-06 16:12:00;;;0;0.17559523809523808;0.0;1.0;17.0;1.0;;;;;;;;;2;3;6;-3.7224824;2025-02-06 16:12:00;2025-05-16 06:39:37.516937259;98.0;2025-02-06 16:12:00;0.0
$XAUV006298$;$XAUV006298$;contrat_adex;yellow;1;30;-0.2491;1.0;4.0;2025-12-30 14:32:00;2026-01-03;-11;2026-01-14;False;2;321.5;432;2025-12-30 14:32:00;2024-10-25 14:20:00;431.0;1;0.20988776181083874;0.0;5.0;49.0;1.0;;;;;;;;;12;1;1;-7.8497267;2025-12-30 14:32:00;2025-12-26 03:36:23.615112307;0.0;2025-12-30 14:32:00;0.0
$XAUV007459$;$XAUV007459$;contrat_adex;black;3;287;-0.2674;32.0;119.7;2025-04-12 19:03:00;2025-08-10;0;2025-08-10;False;4;73.75;146;2025-04-12 19:03:00;2024-11-18 14:33:00;145.0;1;0.1681528662420382;0.0;4.2;58.25;1.0;;;;;;;;;4;5;15;-0.45352745;2025-04-12 19:03:00;2025-08-09 13:06:55.228271487;118.0;2025-04-12 19:03:00;0.0
$XAUV007459$;$XAUV007459$;contrat_adex;yellow;1;287;-0.2699;64.0;237.2;2025-04-12 19:03:00;2025-12-05;-11;2025-12-16;False;2;146.5;198;2025-04-12 19:03:00;2025-01-08 14:33:00;94.0;1;0.10961538461538463;0.0;2.5;8.0;1.0;;;;;;;;;4;5;15;-7.1333866;2025-04-12 19:03:00;2025-11-27 20:47:55.396728514;229.0;2025-04-12 19:03:00;0.0
$XAUV007786$;$XAUV007786$;contrat_adex;black;5;30;-0.6318;1.0;1.6;2025-12-30 14:33:00;2026-01-01;0;2026-01-01;True;6;102.0;141;2025-12-30 14:33:00;2025-09-13 14:33:00;108.0;1;0.9204533618040727;1.0;13.0;79.5;1.0;;;;;;;;;12;1;1;-0.35527417;2025-12-30 14:33:00;2025-12-31 15:28:24.311656955;1.0;2025-12-30 14:33:00;0.0
$XAUV007786$;$XAUV007786$;contrat_adex;cyan;3;30;-0.378;1.0;2.6;2025-12-30 14:33:00;2026-01-02;1;2026-01-01;True;4;153.5;219;2025-12-30 14:33:00;2025-07-28 14:30:00;155.0;1;0.5455862104798275;0.0;4.0;73.5;1.0;;;;;;;;;12;1;1;-0.020762023;2025-12-30 14:33:00;2026-01-01 23:30:06.161248682;2.0;2025-12-30 14:33:00;1.0
$XAUV011705$;$XAUV011705$;contrat_adex;black;1;44;-0.4453;10.0;22.5;2025-12-04 13:21:00;2025-12-27;0;2025-12-27;False;2;136.0;150;2025-12-04 13:21:00;2025-07-07 14:15:00;149.0;1;0.7064361564361565;0.25;4.0;29.0;1.0;;;;;;;;;12;3;49;-1.6801655;2025-12-04 13:21:00;2025-12-25 07:40:33.698272705;20.0;2025-12-04 13:21:00;0.0
$XAUV011796$;$XAUV011796$;contrat_adex;black;0;15;-0.5204;3.0;5.8;2025-12-30 14:20:00;2026-01-05;0;2026-01-05;True;1;117.0;117;2025-12-30 14:20:00;;;0;0.4943820224719101;0.0;3.0;0.0;1.0;;;;;;;;;12;1;1;-2.1894798;2025-12-30 14:20:00;2026-01-02 19:27:08.942871091;3.0;2025-12-30 14:20:00;2.0
$XAUV011797$;$XAUV011797$;contrat_adex;cyan;1;30;-0.5418;1.0;1.8;2025-12-30 14:15:00;2026-01-01;1;2025-12-31;True;2;144.0;156;2025-12-30 14:15:00;2025-07-28 13:58:00;155.0;1;0.4441391941391941;0.0;7.0;66.5;1.0;;;;;;;;;12;1;1;-2.779919;2025-12-30 14:15:00;2025-12-29 05:16:55.006256102;0.0;2025-12-30 14:15:00;0.0
$XAUV013074$;$XAUV013074$;contrat_adex;black;1;39;-0.484;1.0;2.1;2025-12-30 14:24:00;2026-01-01;0;2026-01-01;True;2;145.0;281;2025-12-30 14:24:00;2025-03-24 14:36:00;280.0;1;0.23642533936651583;0.0;2.0;37.5;1.0;;;;;;;;;12;1;1;-4.2173657;2025-12-30 14:24:00;2025-12-27 18:46:59.599914554;0.0;2025-12-30 14:24:00;0.0
$XAUV013074$;$XAUV013074$;contrat_adex;cyan;1;39;-0.2136;1.0;4.7;2025-12-30 14:24:00;2026-01-04;1;2026-01-03;True;2;145.0;281;2025-12-30 14:24:00;2025-03-24 14:36:00;280.0;1;0.1739194139194139;0.0;1.0;38.5;1.0;;;;;;;;;12;1;1;-2.5619397;2025-12-30 14:24:00;2026-01-01 10:30:48.408508302;1.0;2025-12-30 14:24:00;1.0
$XAUV013218$;$XAUV013218$;contrat_adex;cyan;1;22;-0.2088;1.0;4.8;2025-12-26 12:28:00;2025-12-31;1;2025-12-30;True;2;147.0;178;2025-12-26 12:28:00;2025-07-01 20:24:00;177.0;1;0.3800995024875622;0.0;3.0;39.5;1.0;;;;;;;;;12;4;52;-1.6950544;2025-12-26 12:28:00;2025-12-29 07:19:07.298812869;2.0;2025-12-26 12:28:00;0.0
$XAUV014018$;$XAUV014018$;contrat_adex;cyan;0;31;-0.2371;3.0;12.7;2025-12-30 14:29:00;2026-01-12;1;2026-01-11;False;1;119.0;119;2025-12-30 14:29:00;;;0;0.22058823529411764;0.0;1.0;0.0;1.0;;;;;;;;;12;1;1;-3.3109503;2025-12-30 14:29:00;2026-01-08 16:32:13.895874027;9.0;2025-12-30 14:29:00;8.0
$XAUV014018$;$XAUV014018$;contrat_adex;magenta;0;31;-0.2524;2.0;7.9;2025-12-30 14:29:00;2026-01-07;-8;2026-01-15;False;1;119.0;119;2025-12-30 14:29:00;;;0;0.22058823529411764;0.0;3.0;0.0;1.0;;;;;;;;;12;1;1;-5.9546676;2025-12-30 14:29:00;2026-01-01 01:05:16.722106933;1.0;2025-12-30 14:29:00;1.0
$XAUV014018$;$XAUV014018$;contrat_adex;yellow;0;31;-0.1149;1.0;8.7;2025-12-30 14:29:00;2026-01-08;-11;2026-01-19;False;1;119.0;119;2025-12-30 14:29:00;;;0;0.19117647058823528;0.0;4.0;0.0;1.0;;;;;;;;;12;1;1;-9.606521;2025-12-30 14:29:00;2025-12-29 09:26:36.615600586;0.0;2025-12-30 14:29:00;0.0
$XAUV014258$;$XAUV014258$;contrat_adex;cyan;0;15;-0.4107;1.0;2.4;2025-12-30 14:19:00;2026-01-02;1;2026-01-01;True;1;40.0;40;2025-12-30 14:19:00;;;0;0.6428571428571429;0.0;3.0;0.0;1.0;;;;;;;;;12;1;1;-0.58028144;2025-12-30 14:19:00;2026-01-01 10:04:23.683891299;1.0;2025-12-30 14:19:00;1.0
$XAUV014280$;$XAUV014280$;contrat_adex;black;0;14;-0.9092;1.0;1.1;2025-12-30 14:19:00;2025-12-31;0;2025-12-31;True;1;40.0;40;2025-12-30 14:19:00;;;0;2.1666666666666665;0.0;21.0;0.0;1.0;;;;;;;;;12;1;1;-2.6486218;2025-12-30 14:19:00;2025-12-28 08:25:59.076690678;0.0;2025-12-30 14:19:00;0.0
$XAUV014280$;$XAUV014280$;contrat_adex;cyan;0;14;-0.9062;12.0;13.2;2025-12-30 14:19:00;2026-01-12;1;2026-01-11;False;1;40.0;40;2025-12-30 14:19:00;;;0;1.6666666666666667;0.0;13.0;0.0;1.0;;;;;;;;;12;1;1;-3.089987;2025-12-30 14:19:00;2026-01-08 21:50:25.119781498;9.0;2025-12-30 14:19:00;8.0
$XAUV014280$;$XAUV014280$;contrat_adex;magenta;0;14;-1.0747;6.0;5.6;2025-12-30 14:19:00;2026-01-05;-8;2026-01-13;False;1;40.0;40;2025-12-30 14:19:00;;;0;2.0;0.5;16.0;0.0;1.0;;;;;;;;;12;1;1;-6.281035;2025-12-30 14:19:00;2025-12-29 17:15:18.580627438;0.0;2025-12-30 14:19:00;0.0
$XAUV014280$;$XAUV014280$;contrat_adex;yellow;0;14;-1.0579;5.0;4.7;2025-12-30 14:19:00;2026-01-04;-11;2026-01-15;False;1;40.0;40;2025-12-30 14:19:00;;;0;2.0;0.0;16.0;0.0;1.0;;;;;;;;;12;1;1;-7.828234;2025-12-30 14:19:00;2025-12-27 04:07:20.565490726;0.0;2025-12-30 14:19:00;0.0
$XAUV014329$;$XAUV014329$;contrat_adex;black;0;15;-0.55;6.0;10.9;2025-12-30 14:22:00;2026-01-10;0;2026-01-10;False;1;14.0;14;2025-12-30 14:22:00;;;0;1.0833333333333333;1.0;3.0;0.0;1.0;;;;;;;;;12;1;1;0.94007105;2025-12-30 14:22:00;2026-01-10 22:33:42.138404847;11.0;2025-12-30 14:22:00;10.0
$XAUV014382$;$XAUV014382$;contrat_adex;cyan;1;62;-0.6766;19.0;28.1;2025-11-28 23:05:00;2025-12-27;1;2025-12-26;False;2;42.5;78;2025-11-28 23:05:00;2025-09-12 13:00:00;77.0;1;0.6111111111111112;0.0;4.0;24.5;1.0;;;;;;;;;11;4;48;-1.5498353;2025-11-28 23:05:00;2025-12-25 10:48:14.227981569;26.0;2025-11-28 23:05:00;0.0
$XAUV014382$;$XAUV014382$;contrat_adex;yellow;1;62;-0.6624;13.0;19.6;2025-11-28 23:05:00;2025-12-18;-11;2025-12-29;False;2;42.5;78;2025-11-28 23:05:00;2025-09-12 13:00:00;77.0;1;0.5833333333333334;0.0;3.0;25.0;1.0;;;;;;;;;11;4;48;-8.70737;2025-11-28 23:05:00;2025-12-09 07:01:23.248901370;10.0;2025-11-28 23:05:00;0.0
$XAUV014386$;$XAUV014386$;contrat_adex;black;0;30;-0.1448;1.0;6.9;2025-12-30 14:18:00;2026-01-06;0;2026-01-06;True;1;86.0;86;2025-12-30 14:18:00;;;0;0.27;0.0;2.0;24.0;1.0;;;;;;;;;12;1;1;-5.2363625;2025-12-30 14:18:00;2025-12-31 18:19:38.283691406;1.0;2025-12-30 14:18:00;0.0
$XAUV014389$;$XAUV014389$;contrat_adex;black;0;15;-0.751;4.0;5.3;2025-12-30 12:19:00;2026-01-04;0;2026-01-04;True;1;34.0;34;2025-12-30 12:19:00;;;0;0.6428571428571429;0.5;2.0;0.0;1.0;;;;;;;;;12;1;1;0.7626665;2025-12-30 12:19:00;2026-01-04 18:18:14.387626650;5.0;2025-12-30 12:19:00;4.0
$XAUV014389$;$XAUV014389$;contrat_adex;magenta;0;15;-0.8984;10.0;11.1;2025-12-30 12:19:00;2026-01-10;-8;2026-01-18;False;1;34.0;34;2025-12-30 12:19:00;;;0;0.7857142857142857;0.0;6.0;0.0;1.0;;;;;;;;;12;1;1;-6.4132338;2025-12-30 12:19:00;2026-01-03 14:04:56.603393559;4.0;2025-12-30 12:19:00;3.0
$XAUV014389$;$XAUV014389$;contrat_adex;yellow;0;15;-0.859;9.0;10.5;2025-12-30 12:19:00;2026-01-09;-11;2026-01-20;False;1;34.0;34;2025-12-30 12:19:00;;;0;0.7857142857142857;0.5;4.0;0.0;1.0;;;;;;;;;12;1;1;-3.4577394;2025-12-30 12:19:00;2026-01-05 13:00:51.319885257;6.0;2025-12-30 12:19:00;5.0
$XAUV014672$;$XAUV014672$;contrat_adex;magenta;0;30;-0.1179;2.0;17.0;2025-12-30 14:27:00;2026-01-16;-8;2026-01-24;False;1;299.0;299;2025-12-30 14:27:00;;;0;0.11055276381909548;0.0;2.0;0.0;1.0;;;;;;;;;12;1;1;-6.795664;2025-12-30 14:27:00;2026-01-09 04:54:14.644775388;9.0;2025-12-30 14:27:00;9.0
$XAUV014674$;$XAUV014674$;contrat_adex;cyan;0;42;-0.1287;1.0;7.8;2025-12-12 16:31:00;2025-12-20;1;2025-12-19;True;1;299.0;299;2025-12-12 16:31:00;;;0;0.08888888888888889;0.0;2.0;0.0;1.0;;;;;;;;;12;4;50;-2.469456;2025-12-12 16:31:00;2025-12-17 12:43:59.005279543;4.0;2025-12-12 16:31:00;0.0
$XAUV014770$;$XAUV014770$;contrat_adex;black;0;15;-0.5;1.0;2.0;2025-12-30 14:22:00;2026-01-01;0;2026-01-01;True;1;40.0;40;2025-12-30 14:22:00;;;0;0.7058823529411765;0.0;3.0;0.0;1.0;;;;;;;;;12;1;1;-0.11064732;2025-12-30 14:22:00;2025-12-31 21:20:40.071487425;1.0;2025-12-30 14:22:00;0.0
$XAUV014837$;$XAUV014837$;contrat_adex;black;1;30;-0.3858;1.0;2.6;2025-12-30 14:41:00;2026-01-02;0;2026-01-02;True;2;137.0;231;2025-12-30 14:41:00;2025-05-14 14:41:00;230.0;1;0.487;0.0;4.0;48.5;1.0;;;;;;;;;12;1;1;-2.0426326;2025-12-30 14:41:00;2025-12-30 22:58:36.545104978;0.0;2025-12-30 14:41:00;0.0
$XAUV014848$;$XAUV014848$;contrat_adex;black;1;30;-0.3693;2.0;5.4;2025-12-30 14:37:00;2026-01-05;0;2026-01-05;True;2;156.5;252;2025-12-30 14:37:00;2025-04-23 14:35:00;251.0;1;0.36528497409326427;0.0;4.0;48.0;1.0;;;;;;;;;12;1;1;-2.3859286;2025-12-30 14:37:00;2026-01-02 14:44:15.766296384;3.0;2025-12-30 14:37:00;2.0
$XAUV014853$;$XAUV014853$;contrat_adex;yellow;0;31;-0.1077;2.0;18.6;2025-12-30 14:32:00;2026-01-18;-11;2026-01-29;False;1;199.0;199;2025-12-30 14:32:00;;;0;0.11282051282051282;0.0;1.0;22.0;1.0;;;;;;;;;12;1;1;-9.501313;2025-12-30 14:32:00;2026-01-08 11:58:06.538696289;8.0;2025-12-30 14:32:00;8.0
$XAUV014857$;$XAUV014857$;contrat_adex;cyan;0;34;-0.1025;1.0;9.8;2025-12-26 16:26:00;2026-01-05;1;2026-01-04;False;1;104.0;104;2025-12-26 16:26:00;;;0;0.16153846153846155;0.0;1.0;13.0;1.0;;;;;;;;;12;4;52;-0.2456892;2025-12-26 16:26:00;2026-01-04 18:06:12.453260426;9.0;2025-12-26 16:26:00;4.0
$XAUV015003$;$XAUV015003$;contrat_adex;black;0;14;-0.7602;1.0;1.3;2025-12-30 14:19:00;2025-12-31;0;2025-12-31;True;1;14.0;14;2025-12-30 14:19:00;;;0;5.0;0.5;18.0;0.0;1.0;;;;;;;;;12;1;1;-2.7402165;2025-12-30 14:19:00;2025-12-28 06:14:05.294952390;0.0;2025-12-30 14:19:00;0.0
$XAUV015082$;$XAUV015082$;contrat_adex;black;0;15;-0.6036;1.0;1.7;2025-12-30 14:19:00;2026-01-01;0;2026-01-01;True;1;15.0;15;2025-12-30 14:19:00;;;0;0.9230769230769231;0.0;4.0;0.0;1.0;;;;;;;;;12;1;1;0.05876799;2025-12-30 14:19:00;2026-01-01 01:24:37.554273601;1.0;2025-12-30 14:19:00;1.0
$XAUV015203$;$XAUV015203$;contrat_adex;black;0;15;-0.4822;4.0;8.3;2025-12-30 14:21:00;2026-01-07;0;2026-01-07;True;1;14.0;14;2025-12-30 14:21:00;;;0;0.8333333333333334;0.5;3.0;0.0;1.0;;;;;;;;;12;1;1;0.23182403;2025-12-30 14:21:00;2026-01-07 05:33:49.595804210;7.0;2025-12-30 14:21:00;7.0
$XAUV015293$;$XAUV015293$;contrat_adex;black;1;30;-0.382;3.0;7.9;2025-12-30 14:24:00;2026-01-07;0;2026-01-07;True;2;152.5;255;2025-12-30 14:24:00;2025-04-19 14:32:00;254.0;1;0.3435374149659864;0.0;2.0;48.0;1.0;;;;;;;;;12;1;1;-1.2438513;2025-12-30 14:24:00;2026-01-05 18:08:51.247329709;6.0;2025-12-30 14:24:00;5.0
$XAUV015293$;$XAUV015293$;contrat_adex;magenta;1;30;-0.3157;2.0;6.3;2025-12-30 14:24:00;2026-01-05;-8;2026-01-13;False;2;152.5;255;2025-12-30 14:24:00;2025-04-19 14:32:00;254.0;1;0.42857142857142855;0.0;4.0;48.5;1.0;;;;;;;;;12;1;1;-4.8671474;2025-12-30 14:24:00;2025-12-31 03:11:18.460693361;0.0;2025-12-30 14:24:00;0.0
$XAUV015293$;$XAUV015293$;contrat_adex;yellow;1;30;-0.3466;4.0;11.5;2025-12-30 14:24:00;2026-01-11;-11;2026-01-22;False;2;152.5;255;2025-12-30 14:24:00;2025-04-19 14:32:00;254.0;1;0.40986394557823125;0.0;5.0;47.5;1.0;;;;;;;;;12;1;1;-4.6650815;2025-12-30 14:24:00;2026-01-06 08:02:16.958312987;6.0;2025-12-30 14:24:00;6.0
$XAUV016069$;$XAUV016069$;contrat_adex;black;0;15;-0.8571;2.0;2.3;2025-12-30 14:19:00;2026-01-01;0;2026-01-01;True;1;15.0;15;2025-12-30 14:19:00;;;0;1.3076923076923077;1.0;3.0;0.0;1.0;;;;;;;;;12;1;1;1.243732;2025-12-30 14:19:00;2026-01-02 05:50:58.442687986;2.0;2025-12-30 14:19:00;2.0
$XAUV016552$;$XAUV016552$;contrat_adex;cyan;0;15;-0.7716;1.0;1.3;2025-12-30 14:21:00;2025-12-31;1;2025-12-30;True;1;70.0;70;2025-12-30 14:21:00;;;0;0.6290322580645161;0.0;10.0;0.0;1.0;;;;;;;;;12;1;1;-2.6983128;2025-12-30 14:21:00;2025-12-28 07:14:25.777587892;0.0;2025-12-30 14:21:00;0.0
$XAUV016648$;$XAUV016648$;contrat_adex;black;1;30;-2.252;16.0;7.1;2025-12-30 14:44:00;2026-01-06;0;2026-01-06;True;2;41.0;54;2025-12-30 14:44:00;2025-11-07 14:44:00;53.0;1;1.63;1.75;5.0;41.5;1.0;;;;;;;;;12;1;1;-1.674899;2025-12-30 14:44:00;2026-01-04 07:48:08.727951053;4.0;2025-12-30 14:44:00;4.0
$XAUV016648$;$XAUV016648$;contrat_adex;cyan;0;30;-0.5603;1.0;1.8;2025-12-30 14:44:00;2026-01-01;1;2025-12-31;True;1;82.0;82;2025-12-30 14:44:00;;;0;0.47058823529411764;0.0;2.0;0.0;1.0;;;;;;;;;12;1;1;-3.4879913;2025-12-30 14:44:00;2025-12-28 12:17:17.548828127;0.0;2025-12-30 14:44:00;0.0
$XAUV016648$;$XAUV016648$;contrat_adex;magenta;0;30;-0.4009;1.0;2.5;2025-12-30 14:44:00;2026-01-02;-8;2026-01-10;False;1;82.0;82;2025-12-30 14:44:00;;;0;0.5;0.0;2.0;0.0;1.0;;;;;;;;;12;1;1;-3.1110182;2025-12-30 14:44:00;2025-12-29 21:20:08.029174802;0.0;2025-12-30 14:44:00;0.0
$XAUV016648$;$XAUV016648$;contrat_adex;yellow;0;30;-0.1816;1.0;5.5;2025-12-30 14:44:00;2026-01-05;-11;2026-01-16;False;1;82.0;82;2025-12-30 14:44:00;;;0;0.47058823529411764;0.0;2.0;0.0;1.0;;;;;;;;;12;1;1;-6.1140027;2025-12-30 14:44:00;2025-12-29 21:15:50.166320798;0.0;2025-12-30 14:44:00;0.0
$XAUV016652$;$XAUV016652$;contrat_adex;black;0;15;-0.5674;1.0;1.8;2025-12-30 14:22:00;2026-01-01;0;2026-01-01;True;1;40.0;40;2025-12-30 14:22:00;;;0;0.6666666666666666;1.0;3.0;0.0;1.0;;;;;;;;;12;1;1;2.2769248;2025-12-30 14:22:00;2026-01-03 06:38:46.306915281;3.0;2025-12-30 14:22:00;3.0
$XAUV018018$;$XAUV018018$;contrat_adex;black;0;15;-0.6071;1.0;1.6;2025-12-30 14:22:00;2026-01-01;0;2026-01-01;True;1;15.0;15;2025-12-30 14:22:00;;;0;0.8461538461538461;1.0;4.0;0.0;1.0;;;;;;;;;12;1;1;0.45044366;2025-12-30 14:22:00;2026-01-01 10:48:38.331813816;1.0;2025-12-30 14:22:00;1.0
$XAUV018018$;$XAUV018018$;contrat_adex;magenta;0;15;-0.4714;3.0;6.4;2025-12-30 14:22:00;2026-01-05;-8;2026-01-13;False;1;15.0;15;2025-12-30 14:22:00;;;0;1.0;0.0;4.0;0.0;1.0;;;;;;;;;12;1;1;-2.746754;2025-12-30 14:22:00;2026-01-02 06:04:40.460357669;2.0;2025-12-30 14:22:00;2.0
$XAUV018018$;$XAUV018018$;contrat_adex;yellow;0;15;-0.3107;4.0;12.9;2025-12-30 14:22:00;2026-01-12;-11;2026-01-23;False;1;15.0;15;2025-12-30 14:22:00;;;0;0.9230769230769231;0.0;5.0;0.0;1.0;;;;;;;;;12;1;1;-7.090391;2025-12-30 14:22:00;2026-01-04 21:49:50.203857424;5.0;2025-12-30 14:22:00;4.0
$XAUV018191$;$XAUV018191$;contrat_adex;black;0;15;-0.625;4.0;6.4;2025-12-30 14:20:00;2026-01-05;0;2026-01-05;True;1;14.0;14;2025-12-30 14:20:00;;;0;1.0;0.5;4.0;0.0;1.0;;;;;;;;;12;1;1;-0.3919588;2025-12-30 14:20:00;2026-01-04 14:35:34.759426114;5.0;2025-12-30 14:20:00;4.0
$XAUV019169$;$XAUV019169$;contrat_adex;black;0;15;-1.3;1.0;0.8;2025-12-30 14:23:00;2025-12-31;0;2025-12-31;True;1;15.0;15;2025-12-30 14:23:00;;;0;1.5833333333333333;0.0;12.0;0.0;1.0;;;;;;;;;12;1;1;-3.0557027;2025-12-30 14:23:00;2025-12-27 22:39:47.287902834;0.0;2025-12-30 14:23:00;0.0
$XAV6000015$;$XAV6000015$;contrat_adex;cyan;2;207;-0.2932;58.0;197.8;2025-06-25 18:03:00;2026-01-09;1;2026-01-08;False;3;243.66666666666666;514;2025-06-25 18:03:00;2025-01-28 14:33:00;148.0;1;0.2028744140143104;0.0;3.0;48.666666666666664;1.0;;;;;;;;;6;2;26;-0.7258322;2025-06-25 18:03:00;2026-01-08 06:34:48.095855714;196.0;2025-06-25 18:03:00;8.0
$XAV6000643$;$XAV6000643$;contrat_adex;yellow;3;31;-0.4415;1.0;2.3;2025-12-30 14:33:00;2026-01-01;-11;2026-01-12;False;4;222.75;368;2025-12-30 14:33:00;2025-07-22 14:33:00;161.0;1;0.4240853658536585;0.0;6.0;90.75;1.0;;;;;;;;;12;1;1;-10.498868;2025-12-30 14:33:00;2025-12-21 12:01:37.805786136;0.0;2025-12-30 14:33:00;0.0
$XAV6000668$;$XAV6000668$;contrat_adex;black;2;30;-0.208;1.0;4.8;2025-12-30 14:11:00;2026-01-04;0;2026-01-04;True;3;247.33333333333334;399;2025-12-30 14:11:00;2025-02-14 14:28:00;318.0;1;0.2723558897243108;0.0;5.0;65.33333333333333;1.0;;;;;;;;;12;1;1;-1.4887424;2025-12-30 14:11:00;2026-01-02 12:16:12.660827636;2.0;2025-12-30 14:11:00;2.0
$XAV6002300$;$XAV6002300$;contrat_adex;cyan;1;30;-0.5234;1.0;1.9;2025-12-30 14:24:00;2026-01-01;1;2025-12-31;True;2;145.0;196;2025-12-30 14:24:00;2025-06-17 21:21:00;195.0;1;0.4199047619047619;0.0;3.0;47.0;1.0;;;;;;;;;12;1;1;-4.1713996;2025-12-30 14:24:00;2025-12-27 19:53:11.075134275;0.0;2025-12-30 14:24:00;0.0
$XAV6002300$;$XAV6002300$;contrat_adex;magenta;1;30;-0.5573;1.0;1.8;2025-12-30 14:24:00;2026-01-01;-8;2026-01-09;False;2;145.0;196;2025-12-30 14:24:00;2025-06-17 21:21:00;195.0;1;0.38704761904761903;0.0;3.0;45.5;1.0;;;;;;;;;12;1;1;-4.207873;2025-12-30 14:24:00;2025-12-27 19:00:39.784240726;0.0;2025-12-30 14:24:00;0.0
$XAV6002300$;$XAV6002300$;contrat_adex;yellow;1;30;-0.5592;8.0;14.3;2025-12-30 14:24:00;2026-01-13;-11;2026-01-24;False;2;145.0;196;2025-12-30 14:24:00;2025-06-17 21:21:00;195.0;1;0.3656190476190476;0.0;4.0;42.5;1.0;;;;;;;;;12;1;1;-7.4426656;2025-12-30 14:24:00;2026-01-05 13:22:33.694152834;5.0;2025-12-30 14:24:00;5.0
$XAV6002983$;$XAV6002983$;contrat_adex;magenta;1;30;-0.735;1.0;1.4;2025-12-30 14:27:00;2025-12-31;-8;2026-01-08;False;2;137.0;208;2025-12-30 14:27:00;2025-06-05 21:22:00;207.0;1;0.4684477199447259;0.0;6.0;49.0;1.0;;;;;;;;;12;1;1;-6.6419444;2025-12-30 14:27:00;2025-12-24 08:35:36.003112798;0.0;2025-12-30 14:27:00;0.0
$XAV6002983$;$XAV6002983$;contrat_adex;yellow;1;30;-0.8944;2.0;2.2;2025-12-30 14:27:00;2026-01-01;-11;2026-01-12;False;2;137.0;215;2025-12-30 14:27:00;2025-05-29 14:32:00;214.0;1;0.45726495726495725;0.0;5.0;48.5;1.0;;;;;;;;;12;1;1;-7.893826;2025-12-30 14:27:00;2025-12-24 02:32:53.432922365;0.0;2025-12-30 14:27:00;0.0
$XAV6003005$;$XAV6003005$;contrat_adex;black;0;41;-0.2059;1.0;4.9;2025-12-19 15:19:00;2025-12-24;0;2025-12-24;True;1;311.0;311;2025-12-19 15:19:00;;;0;0.4967532467532467;0.3484848484848485;3.0;0.0;1.0;;;;;;;;;12;4;51;2.259395;2025-12-19 15:19:00;2025-12-26 06:13:31.717987060;6.0;2025-12-19 15:19:00;0.0
$XAV6003005$;$XAV6003005$;contrat_adex;magenta;0;41;-0.1144;1.0;8.7;2025-12-19 15:19:00;2025-12-28;-8;2026-01-05;False;1;311.0;311;2025-12-19 15:19:00;;;0;0.2523448773448773;0.0;1.0;0.0;1.0;;;;;;;;;12;4;51;-2.925361;2025-12-19 15:19:00;2025-12-25 01:47:28.816680912;5.0;2025-12-19 15:19:00;0.0
$XAV6003008$;$XAV6003008$;contrat_adex;cyan;2;30;-0.8017;1.0;1.2;2025-12-30 14:36:00;2025-12-31;1;2025-12-30;True;3;106.0;126;2025-12-30 14:36:00;2025-08-27 14:28:00;125.0;1;0.7479270315091211;0.0;10.0;65.33333333333333;1.0;;;;;;;;;12;1;1;0.80018204;2025-12-30 14:36:00;2025-12-31 19:12:15.728645327;1.0;2025-12-30 14:36:00;0.0
$XAV6003038$;$XAV6003038$;contrat_adex;black;1;36;-0.6028;8.0;13.3;2025-12-22 18:07:00;2026-01-05;0;2026-01-05;False;2;149.0;225;2025-12-22 18:07:00;2025-05-12 14:28:00;224.0;1;0.843806485911749;0.0;23.0;40.5;1.0;;;;;;;;;12;0;52;-0.40055075;2025-12-22 18:07:00;2026-01-04 14:23:12.414951324;12.0;2025-12-22 18:07:00;4.0
$XAV6003220$;$XAV6003220$;contrat_adex;black;1;30;-0.3824;3.0;7.8;2025-12-30 14:15:00;2026-01-07;0;2026-01-07;True;2;139.5;244;2025-12-30 14:15:00;2025-04-30 14:29:00;243.0;1;0.4149659863945578;0.0;3.0;48.0;1.0;;;;;;;;;12;1;1;-1.43159;2025-12-30 14:15:00;2026-01-05 13:38:30.627365116;5.0;2025-12-30 14:15:00;5.0
$XAV6003337$;$XAV6003337$;contrat_adex;black;1;30;-0.3111;1.0;3.2;2025-12-30 14:09:00;2026-01-02;0;2026-01-02;True;2;143.5;243;2025-12-30 14:09:00;2025-05-01 14:29:00;242.0;1;0.3333333333333333;0.0;2.0;49.0;1.0;;;;;;;;;12;1;1;-1.363811;2025-12-30 14:09:00;2025-12-31 15:16:06.728210447;1.0;2025-12-30 14:09:00;0.0
$XAV6003363$;$XAV6003363$;contrat_adex;yellow;1;31;-0.166;1.0;6.0;2025-12-29 21:22:00;2026-01-04;-11;2026-01-15;False;2;138.0;210;2025-12-29 21:22:00;2025-06-02 21:23:00;209.0;1;0.4848484848484848;0.0;7.0;48.0;1.0;;;;;;;;;12;0;1;-8.412549;2025-12-29 21:22:00;2025-12-26 14:05:55.764770505;0.0;2025-12-29 21:22:00;0.0
$XAVG000062$;$XAVG000062$;contrat_adex;black;2;30;-0.7592;5.0;6.6;2025-12-30 14:37:00;2026-01-06;0;2026-01-06;True;3;210.66666666666666;372;2025-12-30 14:37:00;2025-08-29 14:18:00;123.0;1;0.6229773462783172;0.0;4.0;64.0;1.0;;;;;;;;;12;1;1;0.60093826;2025-12-30 14:37:00;2026-01-06 14:25:21.065711977;6.0;2025-12-30 14:37:00;6.0
$XAVG000062$;$XAVG000062$;contrat_adex;magenta;1;30;-0.2489;1.0;4.0;2025-12-30 14:37:00;2026-01-03;-8;2026-01-11;False;2;316.0;343;2025-12-30 14:37:00;2025-03-17 14:36:00;288.0;1;0.2741545893719807;0.0;2.0;45.0;1.0;;;;;;;;;12;1;1;-6.8984065;2025-12-30 14:37:00;2025-12-27 02:26:17.677917482;0.0;2025-12-30 14:37:00;0.0
$XAVG000133$;$XAVG000133$;contrat_adex;black;1;403;-0.5618;59.0;105.0;2024-12-16 13:46:00;2025-03-31;0;2025-03-31;False;2;104.0;172;2024-12-16 13:46:00;2024-06-27 14:46:00;171.0;1;0.25632440476190477;0.0;8.0;20.0;1.0;;;;;;;;;12;0;51;-3.2329593;2024-12-16 13:46:00;2025-03-27 18:24:32.319030762;101.0;2024-12-16 13:46:00;0.0
$XAVG000133$;$XAVG000133$;contrat_adex;cyan;1;403;-0.9544;41.0;43.0;2024-12-16 13:46:00;2025-01-28;1;2025-01-27;False;2;104.0;172;2024-12-16 13:46:00;2024-06-27 14:46:00;171.0;1;0.4561011904761905;0.0;16.0;29.0;1.0;;;;;;;;;12;0;51;-1.0245199;2024-12-16 13:46:00;2025-01-26 23:24:41.478881838;41.0;2024-12-16 13:46:00;0.0
$XAVG000133$;$XAVG000133$;contrat_adex;magenta;1;403;-0.6369;53.0;83.2;2024-12-16 13:46:00;2025-03-09;-8;2025-03-17;False;2;104.0;172;2024-12-16 13:46:00;2024-06-27 14:46:00;171.0;1;0.4248511904761905;0.0;13.0;23.0;1.0;;;;;;;;;12;0;51;-8.3038645;2024-12-16 13:46:00;2025-02-28 16:42:26.109008793;74.0;2024-12-16 13:46:00;0.0
$XAVG000133$;$XAVG000133$;contrat_adex;yellow;1;403;-0.6813;45.0;66.0;2024-12-16 13:46:00;2025-02-20;-11;2025-03-03;False;2;104.0;172;2024-12-16 13:46:00;2024-06-27 14:46:00;171.0;1;0.41294642857142855;0.0;11.0;27.0;1.0;;;;;;;;;12;0;51;-7.265098;2024-12-16 13:46:00;2025-02-12 17:38:15.524597167;58.0;2024-12-16 13:46:00;0.0
$XAVG000919$;$XAVG000919$;contrat_adex;black;1;44;-0.2884;1.0;3.5;2025-12-30 14:06:00;2026-01-03;0;2026-01-03;True;2;140.0;259;2025-12-30 14:06:00;2025-04-15 14:31:00;258.0;1;0.46908303215642666;0.25;5.0;49.0;1.0;;;;;;;;;12;1;1;-1.3098156;2025-12-30 14:06:00;2026-01-01 16:33:51.928253174;2.0;2025-12-30 14:06:00;1.0
$XAVG000919$;$XAVG000919$;contrat_adex;cyan;1;44;-0.552;1.0;1.8;2025-12-30 14:06:00;2026-01-01;1;2025-12-31;True;2;135.0;196;2025-12-30 14:06:00;2025-06-17 21:18:00;195.0;1;0.4726392364007043;0.0;3.0;48.0;1.0;;;;;;;;;12;1;1;-3.5863745;2025-12-30 14:06:00;2025-12-28 09:55:37.241363525;0.0;2025-12-30 14:06:00;0.0
$XAVG000919$;$XAVG000919$;contrat_adex;magenta;1;44;-0.5873;6.0;10.2;2025-12-30 14:06:00;2026-01-09;-8;2026-01-17;False;2;135.0;196;2025-12-30 14:06:00;2025-06-17 21:18:00;195.0;1;0.4395097766657399;0.0;4.0;45.5;1.0;;;;;;;;;12;1;1;-5.993947;2025-12-30 14:06:00;2026-01-03 00:08:42.976684568;3.0;2025-12-30 14:06:00;3.0
$XAVG000927$;$XAVG000927$;contrat_adex;black;2;30;-0.9341;3.0;3.2;2025-12-30 14:24:00;2026-01-02;0;2026-01-02;True;3;99.33333333333333;110;2025-12-30 14:24:00;2025-09-19 14:30:00;101.0;1;0.7064297800338409;1.0;4.0;64.33333333333333;1.0;;;;;;;;;12;1;1;-0.54642147;2025-12-30 14:24:00;2026-01-01 10:53:09.185142518;1.0;2025-12-30 14:24:00;1.0
$XAVG000932$;$XAVG000932$;contrat_adex;black;2;34;-0.7285;2.0;2.7;2025-12-26 16:26:00;2025-12-29;0;2025-12-29;True;3;91.66666666666667;141;2025-12-26 16:26:00;2025-08-25 14:28:00;123.0;1;0.870519758019758;1.0;3.0;64.0;1.0;;;;;;;;;12;4;52;-0.030535525;2025-12-26 16:26:00;2025-12-28 23:16:01.730664970;2.0;2025-12-26 16:26:00;0.0
$XAVG000946$;$XAVG000946$;contrat_adex;magenta;1;43;-0.7113;16.0;22.5;2025-12-16 17:02:00;2026-01-08;-8;2026-01-16;False;2;151.5;163;2025-12-16 17:02:00;2025-07-30 14:40:00;139.0;1;0.7768939393939395;0.0;15.0;37.0;1.0;;;;;;;;;12;1;51;-6.6861596;2025-12-16 17:02:00;2026-01-01 07:31:55.809631347;15.0;2025-12-16 17:02:00;1.0
$XBRT001472$;$XBRT001472$;contrat_adex;black;2;31;-0.7923;6.0;7.6;2025-12-30 14:30:00;2026-01-07;0;2026-01-07;True;3;110.0;165;2025-12-30 14:30:00;2025-08-25 14:30:00;127.0;1;0.6880208333333333;1.0;4.0;75.0;1.0;;;;;;;;;12;1;1;-2.2665312;2025-12-30 14:30:00;2026-01-04 17:36:11.701812742;5.0;2025-12-30 14:30:00;4.0
$XBRT001472$;$XBRT001472$;contrat_adex;cyan;1;31;-0.1633;1.0;6.1;2025-12-30 14:30:00;2026-01-05;1;2026-01-04;True;2;165.0;271;2025-12-30 14:30:00;2025-04-04 14:30:00;270.0;1;0.40134994807892005;0.0;2.0;65.5;1.0;;;;;;;;;12;1;1;-0.60046107;2025-12-30 14:30:00;2026-01-04 09:35:20.163917542;4.0;2025-12-30 14:30:00;4.0
$XBRT002650$;$XBRT002650$;contrat_adex;black;2;38;-0.5668;1.0;1.8;2025-12-23 09:32:00;2025-12-25;0;2025-12-25;True;3;60.666666666666664;113;2025-12-23 09:32:00;2025-09-01 14:32:00;112.0;1;1.2108433734939759;0.0;82.0;60.333333333333336;1.0;;;;;;;;;12;1;52;0.02715124;2025-12-23 09:32:00;2025-12-25 00:39:05.867139101;1.0;2025-12-23 09:32:00;0.0
$XBRT002650$;$XBRT002650$;contrat_adex;cyan;1;38;-0.1884;1.0;5.3;2025-12-23 09:32:00;2025-12-28;1;2025-12-27;True;2;91.0;117;2025-12-23 09:32:00;2025-08-28 14:32:00;116.0;1;0.7305389221556886;0.0;16.0;47.0;1.0;;;;;;;;;12;1;52;-2.114348;2025-12-23 09:32:00;2025-12-25 21:15:20.338439942;2.0;2025-12-23 09:32:00;0.0
$XBRT002650$;$XBRT002650$;contrat_adex;magenta;1;38;-0.1557;1.0;6.4;2025-12-23 09:32:00;2025-12-29;-8;2026-01-06;False;2;91.0;119;2025-12-23 09:32:00;2025-08-26 14:02:00;118.0;1;0.75;0.0;16.0;49.0;1.0;;;;;;;;;12;1;52;-7.278513;2025-12-23 09:32:00;2025-12-21 17:18:56.480712892;0.0;2025-12-23 09:32:00;0.0
$XBS5000186$;$XBS5000186$;contrat_adex;cyan;0;31;-0.1468;1.0;6.8;2025-12-30 14:32:00;2026-01-06;1;2026-01-05;True;1;198.0;198;2025-12-30 14:32:00;;;0;0.48205128205128206;0.0;5.0;95.0;1.0;;;;;;;;;12;1;1;-5.722598;2025-12-30 14:32:00;2025-12-31 06:39:27.526245118;0.0;2025-12-30 14:32:00;0.0
$XC76011059$;$XC76011059$;contrat_adex;black;2;30;-0.4927;1.0;2.0;2025-12-30 14:32:00;2026-01-01;0;2026-01-01;True;3;116.33333333333333;233;2025-12-30 14:32:00;2025-05-12 14:30:00;232.0;1;0.7006802721088434;0.5;5.0;64.66666666666667;1.0;;;;;;;;;12;1;1;-0.47145298;2025-12-30 14:32:00;2025-12-31 12:41:06.462421417;0.0;2025-12-30 14:32:00;0.0
$XC76011064$;$XC76011064$;contrat_adex;black;2;30;-0.2727;1.0;3.7;2025-12-30 14:33:00;2026-01-03;0;2026-01-03;True;3;102.33333333333333;230;2025-12-30 14:33:00;2025-05-15 14:30:00;229.0;1;0.857105420784666;1.0;7.0;65.0;1.0;;;;;;;;;12;1;1;0.19467704;2025-12-30 14:33:00;2026-01-03 04:40:20.096254349;3.0;2025-12-30 14:33:00;3.0
$XC76022721$;$XC76022721$;contrat_adex;black;1;30;-0.5443;1.0;1.8;2025-12-30 14:33:00;2026-01-01;0;2026-01-01;True;2;107.0;161;2025-12-30 14:33:00;2025-07-23 14:32:00;160.0;1;0.5990990990990991;0.0;3.0;41.5;1.0;;;;;;;;;12;1;1;-2.3085701;2025-12-30 14:33:00;2025-12-29 16:35:39.539337156;0.0;2025-12-30 14:33:00;0.0
$XCUX024857$;$XCUX024857$;contrat_adex;black;1;64;-0.9085;1.0;1.1;2025-11-27 09:00:00;2025-11-28;0;2025-11-28;True;2;38.0;65;2025-11-27 09:00:00;2025-09-23 13:01:00;64.0;1;1.2280701754385965;0.0;6.0;45.5;1.0;;;;;;;;;11;3;48;-0.47990906;2025-11-27 09:00:00;2025-11-27 12:28:55.857009885;0.0;2025-11-27 09:00:00;0.0
$XCUX024857$;$XCUX024857$;contrat_adex;cyan;1;64;-0.9198;20.0;21.7;2025-11-27 09:00:00;2025-12-19;1;2025-12-18;False;2;38.0;65;2025-11-27 09:00:00;2025-09-23 13:01:00;64.0;1;1.0526315789473684;1.0;9.0;39.0;1.0;;;;;;;;;11;3;48;-0.009909871;2025-11-27 09:00:00;2025-12-18 23:45:43.787142637;21.0;2025-11-27 09:00:00;0.0
